Study_word,thisN,thisTrialN,thisRepN,Studyslider.response,Studyslider.rt,test_word,Reference,old_new,test_textbox.text,testmouse.x,testmouse.y,testmouse.leftButton,testmouse.midButton,testmouse.rightButton,testmouse.time,testmouse.clicked_name,trials.thisRepN,trials.thisTrialN,trials.thisN,trials.thisIndex,trials_2.thisRepN,trials_2.thisTrialN,trials_2.thisN,trials_2.thisIndex,thisRow.t,notes,trial.started,StudyText.started,Studyslider.started,trial.stopped,trials.Studyslider.response,trials.Studyslider.rt,Test_Phase.started,TestText.started,test_textbox.started,submit_text.started,testmouse.started,Test_Phase.stopped,trials_2.test_textbox.text,trials_2.testmouse.x,trials_2.testmouse.y,trials_2.testmouse.leftButton,trials_2.testmouse.midButton,trials_2.testmouse.rightButton,trials_2.testmouse.time,trials_2.testmouse.clicked_name,participant,session,date,expName,expVersion,psychopyVersion,frameRate,expStart
,0,0,0,,,p_str_,pastry,old,"pastry
",[np.float64(-0.12)],[np.float64(-0.3)],[1],[0],[0],[4.302056200103834],['submit_text'],,,,,0,0,0,9,13.6549024,,,,,,,,13.6375277,13.6549024,13.6549024,13.6549024,0.0132247,17.939933,"pastry
",[np.float64(-0.12)],[np.float64(-0.3)],[1],[0],[0],[4.302056200103834],['submit_text'],2,1,2025-10-16_23h08.56.640,word priming,,2025.1.1,58.9421071,2025-10-16 23h09.03.457814 +0530
,1,1,0,,,_o_se,mouse,old,house,[np.float64(0.04625)],[np.float64(-0.2725)],[1],[0],[0],[4.417312799952924],['submit_text'],,,,,0,1,1,8,17.9717414,,,,,,,,17.9434249,17.9717414,17.9717414,17.9717414,0.0033301,22.3610558,house,[np.float64(0.04625)],[np.float64(-0.2725)],[1],[0],[0],[4.417312799952924],['submit_text'],2,1,2025-10-16_23h08.56.640,word priming,,2025.1.1,58.9421071,2025-10-16 23h09.03.457814 +0530
,2,2,0,,,c_s_,case,old,case,[np.float64(-0.0075)],[np.float64(-0.295)],[1],[0],[0],[4.191982799908146],['submit_text'],,,,,0,2,2,10,22.3864804,,,,,,,,22.3650269,22.3864804,22.3864804,22.3864804,0.0038291,26.5574522,case,[np.float64(-0.0075)],[np.float64(-0.295)],[1],[0],[0],[4.191982799908146],['submit_text'],2,1,2025-10-16_23h08.56.640,word priming,,2025.1.1,58.9421071,2025-10-16 23h09.03.457814 +0530
,3,3,0,,,_oo_,book,old,book,[np.float64(-0.045)],[np.float64(-0.31)],[1],[0],[0],[3.845271199941635],['submit_text'],,,,,0,3,3,0,26.5831307,,,,,,,,26.5618371,26.5831307,26.5831307,26.5831307,0.0042511,30.4075453,book,[np.float64(-0.045)],[np.float64(-0.31)],[1],[0],[0],[3.845271199941635],['submit_text'],2,1,2025-10-16_23h08.56.640,word priming,,2025.1.1,58.9421071,2025-10-16 23h09.03.457814 +0530
,4,4,0,,,_a_bl_,marble,old,table,[np.float64(-0.045)],[np.float64(-0.305)],[1],[0],[0],[5.190037899883464],['submit_text'],,,,,0,4,4,3,30.4317538,,,,,,,,30.4119963,30.4317538,30.4317538,30.4317538,0.0042606,35.6024557,table,[np.float64(-0.045)],[np.float64(-0.305)],[1],[0],[0],[5.190037899883464],['submit_text'],2,1,2025-10-16_23h08.56.640,word priming,,2025.1.1,58.9421071,2025-10-16 23h09.03.457814 +0530
,5,5,0,,,_ha_t,chart,old,chart,[np.float64(-0.04125)],[np.float64(-0.29375)],[1],[0],[0],[5.404153699986637],['submit_text'],,,,,0,5,5,6,35.6288614,,,,,,,,35.6068926,35.6288614,35.6288614,35.6288614,0.0042379,41.0114277,chart,[np.float64(-0.04125)],[np.float64(-0.29375)],[1],[0],[0],[5.404153699986637],['submit_text'],2,1,2025-10-16_23h08.56.640,word priming,,2025.1.1,58.9421071,2025-10-16 23h09.03.457814 +0530
,6,6,0,,,ta_l_,table,new,table,[np.float64(-0.00875)],[np.float64(-0.2975)],[1],[0],[0],[4.3365223000291735],['submit_text'],,,,,0,6,6,15,41.0282086,,,,,,,,41.0145966,41.0282086,41.0282086,41.0282086,0.0030422,45.3514636,table,[np.float64(-0.00875)],[np.float64(-0.2975)],[1],[0],[0],[4.3365223000291735],['submit_text'],2,1,2025-10-16_23h08.56.640,word priming,,2025.1.1,58.9421071,2025-10-16 23h09.03.457814 +0530
,7,7,0,,,p_li_e,police,old,police,[np.float64(-0.05875)],[np.float64(-0.2925)],[1],[0],[0],[4.0606060000136495],['submit_text'],,,,,0,7,7,12,45.3762686,,,,,,,,45.3555666,45.3762686,45.3762686,45.3762686,0.0039659,49.4166352,police,[np.float64(-0.05875)],[np.float64(-0.2925)],[1],[0],[0],[4.0606060000136495],['submit_text'],2,1,2025-10-16_23h08.56.640,word priming,,2025.1.1,58.9421071,2025-10-16 23h09.03.457814 +0530
,8,8,0,,,_ho_e,phone,old,,[np.float64(-0.05875)],[np.float64(-0.2925)],[1],[0],[0],[7.497883300064132],['submit_text'],,,,,0,8,8,2,49.4405768,,,,,,,,49.4226521,49.4405768,49.4405768,49.4405768,0.0057359,56.9210024,,[np.float64(-0.05875)],[np.float64(-0.2925)],[1],[0],[0],[7.497883300064132],['submit_text'],2,1,2025-10-16_23h08.56.640,word priming,,2025.1.1,58.9421071,2025-10-16 23h09.03.457814 +0530
,9,9,0,,,cr_i_e,cruise,old,cruise,[np.float64(-0.05875)],[np.float64(-0.2925)],[1],[0],[0],[3.383761600125581],['submit_text'],,,,,0,9,9,11,56.9376113,,,,,,,,56.9242428,56.9376113,56.9376113,56.9376113,0.0030882,60.3083876,cruise,[np.float64(-0.05875)],[np.float64(-0.2925)],[1],[0],[0],[3.383761600125581],['submit_text'],2,1,2025-10-16_23h08.56.640,word priming,,2025.1.1,58.9421071,2025-10-16 23h09.03.457814 +0530
,10,10,0,,,_o_rd,board,old,,[np.float64(-0.05875)],[np.float64(-0.2925)],[1],[0],[0],[4.691847699927166],['submit_text'],,,,,0,10,10,4,60.3357476,,,,,,,,60.3128838,60.3357476,60.3357476,60.3357476,0.004333,65.0052581,,[np.float64(-0.05875)],[np.float64(-0.2925)],[1],[0],[0],[4.691847699927166],['submit_text'],2,1,2025-10-16_23h08.56.640,word priming,,2025.1.1,58.9421071,2025-10-16 23h09.03.457814 +0530
,11,11,0,,,c_s_io_,cushion,old,cushion,[np.float64(-0.05875)],[np.float64(-0.2925)],[1],[0],[0],[4.528516500024125],['submit_text'],,,,,0,11,11,1,65.0325782,,,,,,,,65.0097813,65.0325782,65.0325782,65.0325782,0.0043469,69.538712,cushion,[np.float64(-0.05875)],[np.float64(-0.2925)],[1],[0],[0],[4.528516500024125],['submit_text'],2,1,2025-10-16_23h08.56.640,word priming,,2025.1.1,58.9421071,2025-10-16 23h09.03.457814 +0530
,12,12,0,,,c_m_ra,camera,new,camera,[np.float64(-0.04375)],[np.float64(-0.30625)],[1],[0],[0],[4.2941219001077116],['submit_text'],,,,,0,12,12,19,69.5646879,,,,,,,,69.5434506,69.5646879,69.5646879,69.5646879,0.0044333,73.8380077,camera,[np.float64(-0.04375)],[np.float64(-0.30625)],[1],[0],[0],[4.2941219001077116],['submit_text'],2,1,2025-10-16_23h08.56.640,word priming,,2025.1.1,58.9421071,2025-10-16 23h09.03.457814 +0530
,13,13,0,,,k_y_,keys,old,keys,[np.float64(-0.0725)],[np.float64(-0.3)],[1],[0],[0],[4.9753574000205845],['submit_text'],,,,,0,13,13,13,73.8638423,,,,,,,,73.84195,73.8638423,73.8638423,73.8638423,0.0037325,78.8178139,keys,[np.float64(-0.0725)],[np.float64(-0.3)],[1],[0],[0],[4.9753574000205845],['submit_text'],2,1,2025-10-16_23h08.56.640,word priming,,2025.1.1,58.9421071,2025-10-16 23h09.03.457814 +0530
,14,14,0,,,p_nc_l,pencil,new,pencil,[np.float64(-0.0975)],[np.float64(-0.29125)],[1],[0],[0],[4.886279499856755],['submit_text'],,,,,0,14,14,16,78.8437724,,,,,,,,78.8226097,78.8437724,78.8437724,78.8437724,0.0045983,83.7093165,pencil,[np.float64(-0.0975)],[np.float64(-0.29125)],[1],[0],[0],[4.886279499856755],['submit_text'],2,1,2025-10-16_23h08.56.640,word priming,,2025.1.1,58.9421071,2025-10-16 23h09.03.457814 +0530
,15,15,0,,,l_pt_p,laptop,old,laptop,[np.float64(-0.1175)],[np.float64(-0.30125)],[1],[0],[0],[4.8667902001179755],['submit_text'],,,,,0,15,15,5,83.7265644,,,,,,,,83.7135163,83.7265644,83.7265644,83.7265644,0.0040476,88.5807801,laptop,[np.float64(-0.1175)],[np.float64(-0.30125)],[1],[0],[0],[4.8667902001179755],['submit_text'],2,1,2025-10-16_23h08.56.640,word priming,,2025.1.1,58.9421071,2025-10-16 23h09.03.457814 +0530
,16,16,0,,,t_hi_t,tshirt,old,,[np.float64(-0.0825)],[np.float64(-0.295)],[1],[0],[0],[4.78677919995971],['submit_text'],,,,,0,16,16,7,88.6062421,,,,,,,,88.5853558,88.6062421,88.6062421,88.6062421,0.0043792,93.37256,,[np.float64(-0.0825)],[np.float64(-0.295)],[1],[0],[0],[4.78677919995971],['submit_text'],2,1,2025-10-16_23h08.56.640,word priming,,2025.1.1,58.9421071,2025-10-16 23h09.03.457814 +0530
,17,17,0,,,v_s_,vase,new,vase,[np.float64(-0.0825)],[np.float64(-0.295)],[1],[0],[0],[2.6474285000003874],['submit_text'],,,,,0,17,17,17,93.3887001,,,,,,,,93.3776676,93.3887001,93.3887001,93.3887001,0.0049629,96.0255453,vase,[np.float64(-0.0825)],[np.float64(-0.295)],[1],[0],[0],[2.6474285000003874],['submit_text'],2,1,2025-10-16_23h08.56.640,word priming,,2025.1.1,58.9421071,2025-10-16 23h09.03.457814 +0530
,18,18,0,,,bo_t_e,bottle,new,bottle,[np.float64(-0.0825)],[np.float64(-0.295)],[1],[0],[0],[6.139620299916714],['submit_text'],,,,,0,18,18,18,96.0539403,,,,,,,,96.0297855,96.0539403,96.0539403,96.0539403,0.0040546,102.169911,bottle,[np.float64(-0.0825)],[np.float64(-0.295)],[1],[0],[0],[6.139620299916714],['submit_text'],2,1,2025-10-16_23h08.56.640,word priming,,2025.1.1,58.9421071,2025-10-16 23h09.03.457814 +0530
,19,19,0,,,p_st_r,poster,old,poster,[np.float64(-0.08625)],[np.float64(-0.31375)],[1],[0],[0],[5.030301599996164],['submit_text'],,,,,0,19,19,14,102.2001249,,,,,,,,102.1758472,102.2001249,102.2001249,102.2001249,0.0057536,107.2066004,poster,[np.float64(-0.08625)],[np.float64(-0.31375)],[1],[0],[0],[5.030301599996164],['submit_text'],2,1,2025-10-16_23h08.56.640,word priming,,2025.1.1,58.9421071,2025-10-16 23h09.03.457814 +0530
,,,,,,,,,,,,,,,,,,,,,,,,,,,,,,,,,,,,,,,,,,,,,,,,,,,,,,
,,,,,,prop of hit from study list,,,,10,0.666666667,,,,,,,,,,,,,,,,,,,,,,,,,,,,,,,,,,,,,,,,,,,
,,,,,,prop of hit for non primed words,,,,5,1,,,,,,,,,,,,,,,,,,,,,,,,,,,,,,,,,,,,,,,,,,,
,,,,,,,,,,,,,,,,,,,,,,,,,,,,,,,,,,,,,,,,,,,,,,,,,,,,,,
,,,,,,priming score,,,-0.333333333,,,,,,,,,,,,,,,,,,,,,,,,,,,,,,,,,,,,,,,,,,,,,
,,,,,,,,,,,,,,,,,,,,,,,,,,,,,,,,,,,,,,,,,,,,,,,,,,,,,,
,,,,,,,,,,,,,,,,,,,,,,,,,,,,,,,,,,,,,,,,,,,,,,,,,,,,,,
,,,,,,,,,,,,,,,,,,,,,,,,,,,,,,,,,,,,,,,,,,,,,,,,,,,,,,
,,,,,,,,,,,,,,,,,,,,,,,,,,,,,,,,,,,,,,,,,,,,,,,,,,,,,,
,,,,,,,,,,,,,,,,,,,,,,,,,,,,,,,,,,,,,,,,,,,,,,,,,,,,,,
,,,,,,,,,,,,,,,,,,,,,,,,,,,,,,,,,,,,,,,,,,,,,,,,,,,,,,
,,,,,,,,,,,,,,,,,,,,,,,,,,,,,,,,,,,,,,,,,,,,,,,,,,,,,,
,,,,,,,,,,,,,,,,,,,,,,,,,,,,,,,,,,,,,,,,,,,,,,,,,,,,,,
,,,,,,,,,,,,,,,,,,,,,,,,,,,,,,,,,,,,,,,,,,,,,,,,,,,,,,
,,,,,,,,,,,,,,,,,,,,,,,,,,,,,,,,,,,,,,,,,,,,,,,,,,,,,,
,,,,,,,,,,,,,,,,,,,,,,,,,,,,,,,,,,,,,,,,,,,,,,,,,,,,,,
,,,,,,,,,,,,,,,,,,,,,,,,,,,,,,,,,,,,,,,,,,,,,,,,,,,,,,
,,,,,,prop of hit from study list,,,,10,0.666666667,,,,,,,,,,,,,,,,,,,,,,,,,,,,,,,,,,,,,,,,,,,
,,,,,,prop of hit for non primed words,,,,5,1,,,,,,,,,,,,,,,,,,,,,,,,,,,,,,,,,,,,,,,,,,,
,,,,,,,,,,,,,,,,,,,,,,,,,,,,,,,,,,,,,,,,,,,,,,,,,,,,,,
,,,,,,priming score,,,-0.333333333,,,,,,,,,,,,,,,,,,,,,,,,,,,,,,,,,,,,,,,,,,,,,
