staircase.thisTrialN,staircase.stepSize,staircase.intensity,thisRow.t,notes,trial.started,fixation.started,grating.started,key_resp.started,fixation.stopped,grating.stopped,trial.stopped,corrAns,tilt,key_resp.corr,staircase.response,key_resp.rt,participant,session,date,expName,expVersion,psychopyVersion,frameRate,expStart
0,2,10,0.0370583,,0.0197664,0.0370583,0.5026465,0.5026465,0.537676,0.8042695,1.5408869,left,-10,1,1,0.9389275,921248,1,2025-09-04_20h38.24.762,adaptive_staircase,,2025.1.1,60.06103401,2025-09-04 20h38.25.710396 +0530
1,2,8,1.5515956,,1.5410328,1.5515956,2.0523658,2.0523658,2.0523658,2.3521554,2.4193054,right,8,1,1,0.3617528,921248,1,2025-09-04_20h38.24.762,adaptive_staircase,,2025.1.1,60.06103401,2025-09-04 20h38.25.710396 +0530
2,2,6,2.4353003,,2.4195069,2.4353003,2.9189722,2.9189722,2.9361241,3.2202226,3.5682477,left,-6,1,1,0.6281669,921248,1,2025-09-04_20h38.24.762,adaptive_staircase,,2025.1.1,60.06103401,2025-09-04 20h38.25.710396 +0530
3,1,4,3.5847626,,3.5684238,3.5847626,4.0680943,4.0680943,4.0847639,4.3688413,4.7697843,left,-4,0,0,0.7009932,921248,1,2025-09-04_20h38.24.762,adaptive_staircase,,2025.1.1,60.06103401,2025-09-04 20h38.25.710396 +0530
4,1,5,4.7845626,,4.7699457,4.7845626,5.2840174,5.2840174,5.2840174,5.5854523,5.9865078,right,5,1,1,0.7003659,921248,1,2025-09-04_20h38.24.762,adaptive_staircase,,2025.1.1,60.06103401,2025-09-04 20h38.25.710396 +0530
5,1,5,6.0014504,,5.9867106,6.0014504,6.5014601,6.5014601,6.5014601,6.8009036,7.0691401,right,5,1,1,0.5650378,921248,1,2025-09-04_20h38.24.762,adaptive_staircase,,2025.1.1,60.06103401,2025-09-04 20h38.25.710396 +0530
6,1,5,7.0843484,,7.0694305,7.0843484,7.5845101,7.5845101,7.5845101,7.8840978,8.0011092,left,-5,1,1,0.4115197,921248,1,2025-09-04_20h38.24.762,adaptive_staircase,,2025.1.1,60.06103401,2025-09-04 20h38.25.710396 +0530
7,1,4,8.0173401,,8.0013557,8.0173401,8.5004886,8.5004886,8.5173337,8.799983,8.9510275,left,-4,1,1,0.4422837,921248,1,2025-09-04_20h38.24.762,adaptive_staircase,,2025.1.1,60.06103401,2025-09-04 20h38.25.710396 +0530
8,1,4,8.9669532,,8.9512891,8.9669532,9.4504015,9.4504015,9.4665519,9.7507804,9.8511271,right,4,1,1,0.391626,921248,1,2025-09-04_20h38.24.762,adaptive_staircase,,2025.1.1,60.06103401,2025-09-04 20h38.25.710396 +0530
9,1,4,9.867333,,9.8520356,9.867333,10.3496721,10.3496721,10.3666608,10.6484195,10.7172488,right,4,1,1,0.3607759,921248,1,2025-09-04_20h38.24.762,adaptive_staircase,,2025.1.1,60.06103401,2025-09-04 20h38.25.710396 +0530
10,1,3,10.7331134,,10.7174624,10.7331134,11.2335529,11.2335529,11.2335529,11.5486687,11.6164642,right,3,1,1,0.3728851,921248,1,2025-09-04_20h38.24.762,adaptive_staircase,,2025.1.1,60.06103401,2025-09-04 20h38.25.710396 +0530
11,1,3,11.6332982,,11.6168008,11.6332982,12.1165133,12.1165133,12.1332825,12.4165772,12.4342121,right,3,1,1,0.30594,921248,1,2025-09-04_20h38.24.762,adaptive_staircase,,2025.1.1,60.06103401,2025-09-04 20h38.25.710396 +0530
12,1,3,12.4491012,,12.4344817,12.4491012,12.9491895,12.9491895,12.9491895,13.2493266,13.3159538,right,3,1,1,0.3519684,921248,1,2025-09-04_20h38.24.762,adaptive_staircase,,2025.1.1,60.06103401,2025-09-04 20h38.25.710396 +0530
13,1,2,13.3325889,,13.3163022,13.3325889,13.8147986,13.8147986,13.8477313,14.1177814,14.1319934,left,-2,1,1,0.3104542,921248,1,2025-09-04_20h38.24.762,adaptive_staircase,,2025.1.1,60.06103401,2025-09-04 20h38.25.710396 +0530
14,1,2,14.1480054,,14.1323259,14.1480054,14.6318768,14.6318768,14.648003,14.9484519,15.0149379,right,2,1,1,0.3760762,921248,1,2025-09-04_20h38.24.762,adaptive_staircase,,2025.1.1,60.06103401,2025-09-04 20h38.25.710396 +0530
15,0,2,15.0324857,,15.0151786,15.0324857,15.5146144,15.5146144,15.5493352,15.8159896,15.8175289,right,2,0,0,0.2982673,921248,1,2025-09-04_20h38.24.762,adaptive_staircase,,2025.1.1,60.06103401,2025-09-04 20h38.25.710396 +0530
16,0,2,15.8316083,,15.8178683,15.8316083,16.3317399,16.3317399,16.3317399,16.6313917,16.8655104,left,-2,1,1,0.5293329,921248,1,2025-09-04_20h38.24.762,adaptive_staircase,,2025.1.1,60.06103401,2025-09-04 20h38.25.710396 +0530
17,0,2,16.8819533,,16.8658297,16.8819533,17.3806359,17.3806359,17.3806359,17.6808897,17.8489622,left,-2,1,1,0.4632888,921248,1,2025-09-04_20h38.24.762,adaptive_staircase,,2025.1.1,60.06103401,2025-09-04 20h38.25.710396 +0530
18,5,2,17.8649377,,17.8492472,17.8649377,18.3644156,18.3644156,18.3802015,18.6635844,19.0472941,left,-2,1,1,0.6783555,921248,1,2025-09-04_20h38.24.762,adaptive_staircase,,2025.1.1,60.06103401,2025-09-04 20h38.25.710396 +0530
19,5,1,19.0639682,,19.047556,19.0639682,19.5454914,19.5454914,19.5808066,19.8467014,19.9969888,right,1,1,1,0.4442219,921248,1,2025-09-04_20h38.24.762,adaptive_staircase,,2025.1.1,60.06103401,2025-09-04 20h38.25.710396 +0530
20,5,1,20.0130939,,19.997276,20.0130939,20.5118876,20.5118876,20.529524,20.8135863,21.1639081,right,1,1,1,0.6477161,921248,1,2025-09-04_20h38.24.762,adaptive_staircase,,2025.1.1,60.06103401,2025-09-04 20h38.25.710396 +0530
21,5,1,21.1802879,,21.164234,21.1802879,21.6626362,21.6626362,21.6792481,21.9626694,22.1625694,left,-1,0,0,0.4873688,921248,1,2025-09-04_20h38.24.762,adaptive_staircase,,2025.1.1,60.06103401,2025-09-04 20h38.25.710396 +0530
22,5,6,22.179859,,22.1629266,22.179859,22.6620057,22.6620057,22.6951712,22.9617889,23.3619071,left,-6,1,1,0.6909639,921248,1,2025-09-04_20h38.24.762,adaptive_staircase,,2025.1.1,60.06103401,2025-09-04 20h38.25.710396 +0530
23,5,6,23.3780081,,23.3622477,23.3780081,23.8614545,23.8614545,23.8782163,24.1614604,24.3121728,right,6,1,1,0.4418655,921248,1,2025-09-04_20h38.24.762,adaptive_staircase,,2025.1.1,60.06103401,2025-09-04 20h38.25.710396 +0530
24,5,6,24.3276367,,24.312506,24.3276367,24.8283152,24.8283152,24.8283152,25.1278952,25.2108179,left,-6,1,1,0.3766033,921248,1,2025-09-04_20h38.24.762,adaptive_staircase,,2025.1.1,60.06103401,2025-09-04 20h38.25.710396 +0530
25,5,1,25.2284829,,25.2116137,25.2284829,25.7106432,25.7106432,25.7428172,26.0261469,26.3271374,left,-1,0,0,0.6114234,921248,1,2025-09-04_20h38.24.762,adaptive_staircase,,2025.1.1,60.06103401,2025-09-04 20h38.25.710396 +0530
26,5,6,26.3439616,,26.3274007,26.3439616,26.8265376,26.8265376,26.8437395,27.1264377,27.309546,left,-6,1,1,0.4796754,921248,1,2025-09-04_20h38.24.762,adaptive_staircase,,2025.1.1,60.06103401,2025-09-04 20h38.25.710396 +0530
27,5,6,27.3254116,,27.30981,27.3254116,27.810295,27.810295,27.8263806,28.1099588,28.2605749,right,6,1,1,0.4410429,921248,1,2025-09-04_20h38.24.762,adaptive_staircase,,2025.1.1,60.06103401,2025-09-04 20h38.25.710396 +0530
28,5,6,28.275086,,28.2609352,28.275086,28.7757252,28.7757252,28.7757252,29.0751319,29.17748,left,-6,1,1,0.3981903,921248,1,2025-09-04_20h38.24.762,adaptive_staircase,,2025.1.1,60.06103401,2025-09-04 20h38.25.710396 +0530
29,5,1,29.1920461,,29.1779021,29.1920461,29.6925088,29.6925088,29.6925088,29.9922099,30.1593681,right,1,1,1,0.4589649,921248,1,2025-09-04_20h38.24.762,adaptive_staircase,,2025.1.1,60.06103401,2025-09-04 20h38.25.710396 +0530
30,5,1,30.175375,,30.1597074,30.175375,30.6795359,30.6795359,30.6795359,30.9910697,31.0920193,left,-1,1,1,0.3978178,921248,1,2025-09-04_20h38.24.762,adaptive_staircase,,2025.1.1,60.06103401,2025-09-04 20h38.25.710396 +0530
31,5,1,31.1090173,,31.092317,31.1090173,31.5912147,31.5912147,31.62567,31.8912372,32.0585561,right,1,1,1,0.4603519,921248,1,2025-09-04_20h38.24.762,adaptive_staircase,,2025.1.1,60.06103401,2025-09-04 20h38.25.710396 +0530
32,5,1,32.0751363,,32.0588289,32.0751363,32.574565,32.574565,32.574565,32.8747472,33.2088143,left,-1,1,1,0.6210837,921248,1,2025-09-04_20h38.24.762,adaptive_staircase,,2025.1.1,60.06103401,2025-09-04 20h38.25.710396 +0530
33,5,1,33.2246654,,33.2091229,33.2246654,33.7238463,33.7238463,33.7238463,34.0242922,34.3414584,left,-1,1,1,0.6167794,921248,1,2025-09-04_20h38.24.762,adaptive_staircase,,2025.1.1,60.06103401,2025-09-04 20h38.25.710396 +0530
34,5,1,34.3562146,,34.3418834,34.3562146,34.8570334,34.8570334,34.8570334,35.1564657,35.7074211,right,1,1,1,0.8467175,921248,1,2025-09-04_20h38.24.762,adaptive_staircase,,2025.1.1,60.06103401,2025-09-04 20h38.25.710396 +0530
35,5,1,35.7230533,,35.7078552,35.7230533,36.2062894,36.2062894,36.2233263,36.5062606,36.7909953,left,-1,1,1,0.5823254,921248,1,2025-09-04_20h38.24.762,adaptive_staircase,,2025.1.1,60.06103401,2025-09-04 20h38.25.710396 +0530
36,5,1,36.8057349,,36.7919148,36.8057349,37.3063751,37.3063751,37.3063751,37.605184,38.1398314,left,-1,1,1,0.8224726,921248,1,2025-09-04_20h38.24.762,adaptive_staircase,,2025.1.1,60.06103401,2025-09-04 20h38.25.710396 +0530
37,5,1,38.1550405,,38.1401953,38.1550405,38.6394658,38.6394658,38.6550279,38.955269,39.4221406,left,-1,1,1,0.7816138,921248,1,2025-09-04_20h38.24.762,adaptive_staircase,,2025.1.1,60.06103401,2025-09-04 20h38.25.710396 +0530
38,5,1,39.4385674,,39.4224776,39.4385674,39.9213821,39.9213821,39.9384975,40.2216872,40.6215634,right,1,1,1,0.6912398,921248,1,2025-09-04_20h38.24.762,adaptive_staircase,,2025.1.1,60.06103401,2025-09-04 20h38.25.710396 +0530
39,5,1,40.6378486,,40.6218636,40.6378486,41.1211477,41.1211477,41.1376654,41.421222,41.5548349,left,-1,1,1,0.4247457,921248,1,2025-09-04_20h38.24.762,adaptive_staircase,,2025.1.1,60.06103401,2025-09-04 20h38.25.710396 +0530
40,5,1,41.5713258,,41.5551815,41.5713258,42.0698884,42.0698884,42.0698884,42.3702568,42.7554811,left,-1,0,0,0.6693404,921248,1,2025-09-04_20h38.24.762,adaptive_staircase,,2025.1.1,60.06103401,2025-09-04 20h38.25.710396 +0530
41,5,6,42.7700484,,42.7558535,42.7700484,43.2698776,43.2698776,43.2698776,43.5697058,44.019354,right,6,1,1,0.7423183,921248,1,2025-09-04_20h38.24.762,adaptive_staircase,,2025.1.1,60.06103401,2025-09-04 20h38.25.710396 +0530
42,5,6,44.0362924,,44.019652,44.0362924,44.5197809,44.5197809,44.5359571,44.8193244,44.9863702,left,-6,1,1,0.452665,921248,1,2025-09-04_20h38.24.762,adaptive_staircase,,2025.1.1,60.06103401,2025-09-04 20h38.25.710396 +0530
43,5,6,45.0014752,,44.9867125,45.0014752,45.4858888,45.4858888,45.502197,45.784594,45.9869672,left,-6,1,1,0.4979301,921248,1,2025-09-04_20h38.24.762,adaptive_staircase,,2025.1.1,60.06103401,2025-09-04 20h38.25.710396 +0530
44,5,1,46.002359,,45.9873038,46.002359,46.5015064,46.5015064,46.5015064,46.8017228,47.1513854,left,-1,0,0,0.6418262,921248,1,2025-09-04_20h38.24.762,adaptive_staircase,,2025.1.1,60.06103401,2025-09-04 20h38.25.710396 +0530
45,5,6,47.1690291,,47.1516847,47.1690291,47.651174,47.651174,47.6847862,47.9508514,48.1516302,right,6,1,1,0.4903329,921248,1,2025-09-04_20h38.24.762,adaptive_staircase,,2025.1.1,60.06103401,2025-09-04 20h38.25.710396 +0530
46,5,6,48.1677182,,48.1519217,48.1677182,48.6675473,48.6675473,48.6841491,48.9670394,49.1503881,left,-6,1,1,0.4785558,921248,1,2025-09-04_20h38.24.762,adaptive_staircase,,2025.1.1,60.06103401,2025-09-04 20h38.25.710396 +0530
47,5,6,49.1671987,,49.1506909,49.1671987,49.6500615,49.6500615,49.6671876,49.9498831,50.1341888,left,-6,1,1,0.4814044,921248,1,2025-09-04_20h38.24.762,adaptive_staircase,,2025.1.1,60.06103401,2025-09-04 20h38.25.710396 +0530
48,5,1,50.1502898,,50.1344787,50.1502898,50.6345221,50.6345221,50.650423,50.9496887,51.2345822,left,-1,0,0,0.5842082,921248,1,2025-09-04_20h38.24.762,adaptive_staircase,,2025.1.1,60.06103401,2025-09-04 20h38.25.710396 +0530
49,5,6,51.2498473,,51.2349079,51.2498473,51.7487909,51.7487909,51.7487909,52.049334,52.3165366,left,-6,1,1,0.5536871,921248,1,2025-09-04_20h38.24.762,adaptive_staircase,,2025.1.1,60.06103401,2025-09-04 20h38.25.710396 +0530
50,5,6,52.3333454,,52.3168524,52.3333454,52.8159712,52.8159712,52.8324979,53.1145473,53.2666651,right,6,1,1,0.4391117,921248,1,2025-09-04_20h38.24.762,adaptive_staircase,,2025.1.1,60.06103401,2025-09-04 20h38.25.710396 +0530
51,5,6,53.2824263,,53.2670023,53.2824263,53.7824344,53.7824344,53.7993556,54.0816607,54.1827229,left,-6,1,1,0.3960798,921248,1,2025-09-04_20h38.24.762,adaptive_staircase,,2025.1.1,60.06103401,2025-09-04 20h38.25.710396 +0530
52,5,1,54.1986993,,54.1830431,54.1986993,54.6821722,54.6821722,54.6991381,54.9989301,55.1157692,right,1,1,1,0.4307751,921248,1,2025-09-04_20h38.24.762,adaptive_staircase,,2025.1.1,60.06103401,2025-09-04 20h38.25.710396 +0530
53,5,1,55.1314103,,55.1161035,55.1314103,55.6306476,55.6306476,55.6306476,55.9311363,56.0982414,right,1,1,1,0.4631801,921248,1,2025-09-04_20h38.24.762,adaptive_staircase,,2025.1.1,60.06103401,2025-09-04 20h38.25.710396 +0530
54,5,1,56.1139558,,56.0985117,56.1139558,56.5963988,56.5963988,56.6139636,56.8970756,57.0815981,left,-1,1,1,0.4764094,921248,1,2025-09-04_20h38.24.762,adaptive_staircase,,2025.1.1,60.06103401,2025-09-04 20h38.25.710396 +0530
55,5,1,57.0965217,,57.0818731,57.0965217,57.5798945,57.5798945,57.5972496,57.8797903,57.9985603,left,-1,0,0,0.4146183,921248,1,2025-09-04_20h38.24.762,adaptive_staircase,,2025.1.1,60.06103401,2025-09-04 20h38.25.710396 +0530
56,5,6,58.0138203,,57.9988491,58.0138203,58.5129823,58.5129823,58.5129823,58.8134892,58.9629554,right,6,1,1,0.4358608,921248,1,2025-09-04_20h38.24.762,adaptive_staircase,,2025.1.1,60.06103401,2025-09-04 20h38.25.710396 +0530
57,5,6,58.9789772,,58.9632718,58.9789772,59.462646,59.462646,59.4797267,59.7637319,59.8632142,right,6,1,1,0.3868535,921248,1,2025-09-04_20h38.24.762,adaptive_staircase,,2025.1.1,60.06103401,2025-09-04 20h38.25.710396 +0530
58,5,6,59.8791047,,59.8635623,59.8791047,60.3789957,60.3789957,60.3789957,60.6794042,60.8466818,left,-6,1,1,0.4612913,921248,1,2025-09-04_20h38.24.762,adaptive_staircase,,2025.1.1,60.06103401,2025-09-04 20h38.25.710396 +0530
59,5,1,60.8616958,,60.8470071,60.8616958,61.3458496,61.3458496,61.3609866,61.6627595,61.8793326,right,1,1,1,0.5222739,921248,1,2025-09-04_20h38.24.762,adaptive_staircase,,2025.1.1,60.06103401,2025-09-04 20h38.25.710396 +0530
60,5,1,61.8950819,,61.8796298,61.8950819,62.3946576,62.3946576,62.3946576,62.6941952,62.8783535,right,1,1,1,0.4801642,921248,1,2025-09-04_20h38.24.762,adaptive_staircase,,2025.1.1,60.06103401,2025-09-04 20h38.25.710396 +0530
61,5,1,62.8949172,,62.8786026,62.8949172,63.3789687,63.3789687,63.3943205,63.6933669,63.8779329,right,1,1,1,0.4924848,921248,1,2025-09-04_20h38.24.762,adaptive_staircase,,2025.1.1,60.06103401,2025-09-04 20h38.25.710396 +0530
62,5,1,63.894208,,63.8782151,63.894208,64.3788265,64.3788265,64.3938653,64.6773346,64.8943603,left,-1,1,1,0.50616,921248,1,2025-09-04_20h38.24.762,adaptive_staircase,,2025.1.1,60.06103401,2025-09-04 20h38.25.710396 +0530
63,5,1,64.9110968,,64.8946712,64.9110968,65.410653,65.410653,65.410653,65.7106014,65.7953752,left,-1,0,0,0.3694588,921248,1,2025-09-04_20h38.24.762,adaptive_staircase,,2025.1.1,60.06103401,2025-09-04 20h38.25.710396 +0530
64,5,6,65.8109707,,65.796375,65.8109707,66.3098515,66.3098515,66.3098515,66.6098163,67.1763163,left,-6,1,1,0.85279,921248,1,2025-09-04_20h38.24.762,adaptive_staircase,,2025.1.1,60.06103401,2025-09-04 20h38.25.710396 +0530
65,5,6,67.1922901,,67.1766096,67.1922901,67.675666,67.675666,67.6926555,67.9759119,68.2280497,right,6,1,1,0.5482089,921248,1,2025-09-04_20h38.24.762,adaptive_staircase,,2025.1.1,60.06103401,2025-09-04 20h38.25.710396 +0530
66,5,6,68.2429059,,68.2283107,68.2429059,68.7418866,68.7418866,68.7418866,69.0423088,69.1769779,left,-6,1,1,0.4310481,921248,1,2025-09-04_20h38.24.762,adaptive_staircase,,2025.1.1,60.06103401,2025-09-04 20h38.25.710396 +0530
67,5,1,69.1921129,,69.178102,69.1921129,69.6920662,69.6920662,69.6920662,69.9913543,70.1760537,right,1,1,1,0.4725164,921248,1,2025-09-04_20h38.24.762,adaptive_staircase,,2025.1.1,60.06103401,2025-09-04 20h38.25.710396 +0530
68,5,1,70.1917256,,70.1763835,70.1917256,70.6744908,70.6744908,70.6918416,70.9745288,71.1589712,right,1,1,1,0.4696885,921248,1,2025-09-04_20h38.24.762,adaptive_staircase,,2025.1.1,60.06103401,2025-09-04 20h38.25.710396 +0530
69,5,1,71.1745735,,71.1592799,71.1745735,71.6753604,71.6753604,71.6753604,71.9905927,72.1751685,left,-1,1,1,0.4883347,921248,1,2025-09-04_20h38.24.762,adaptive_staircase,,2025.1.1,60.06103401,2025-09-04 20h38.25.710396 +0530
70,5,1,72.1903398,,72.1755124,72.1903398,72.6734191,72.6734191,72.6902476,72.9736671,73.1580613,right,1,1,1,0.4709204,921248,1,2025-09-04_20h38.24.762,adaptive_staircase,,2025.1.1,60.06103401,2025-09-04 20h38.25.710396 +0530
71,5,1,73.1741846,,73.1584291,73.1741846,73.6738451,73.6738451,73.6738451,73.9737219,74.141719,right,1,1,1,0.464116,921248,1,2025-09-04_20h38.24.762,adaptive_staircase,,2025.1.1,60.06103401,2025-09-04 20h38.25.710396 +0530
72,5,1,74.1565295,,74.1420405,74.1565295,74.6558566,74.6558566,74.6558566,74.9566833,75.1894783,left,-1,1,1,0.5254288,921248,1,2025-09-04_20h38.24.762,adaptive_staircase,,2025.1.1,60.06103401,2025-09-04 20h38.25.710396 +0530
73,5,1,75.2058051,,75.190264,75.2058051,75.6888259,75.6888259,75.7049898,75.988734,76.2902611,right,1,1,1,0.5907913,921248,1,2025-09-04_20h38.24.762,adaptive_staircase,,2025.1.1,60.06103401,2025-09-04 20h38.25.710396 +0530
74,5,1,76.3056005,,76.2907197,76.3056005,76.8055188,76.8055188,76.8055188,77.1051963,77.2911153,right,1,1,1,0.4794889,921248,1,2025-09-04_20h38.24.762,adaptive_staircase,,2025.1.1,60.06103401,2025-09-04 20h38.25.710396 +0530
75,5,1,77.3049503,,77.2914893,77.3049503,77.8049738,77.8049738,77.8049738,78.1050603,78.3413035,left,-1,1,1,0.53462,921248,1,2025-09-04_20h38.24.762,adaptive_staircase,,2025.1.1,60.06103401,2025-09-04 20h38.25.710396 +0530
76,5,1,78.3550695,,78.3415675,78.3550695,78.8544088,78.8544088,78.8544088,79.1543638,79.4210911,right,1,1,1,0.5587398,921248,1,2025-09-04_20h38.24.762,adaptive_staircase,,2025.1.1,60.06103401,2025-09-04 20h38.25.710396 +0530
77,5,1,79.437474,,79.4213772,79.437474,79.9200395,79.9200395,79.9379429,80.2205701,80.338391,right,1,0,0,0.407867,921248,1,2025-09-04_20h38.24.762,adaptive_staircase,,2025.1.1,60.06103401,2025-09-04 20h38.25.710396 +0530
78,5,6,80.3535174,,80.3386747,80.3535174,80.8539361,80.8539361,80.8539361,81.1530032,81.5036915,right,6,1,1,0.6349061,921248,1,2025-09-04_20h38.24.762,adaptive_staircase,,2025.1.1,60.06103401,2025-09-04 20h38.25.710396 +0530
79,5,6,81.5199891,,81.5040108,81.5199891,82.0038536,82.0038536,82.0199165,82.3032495,82.4869344,right,6,1,1,0.4757945,921248,1,2025-09-04_20h38.24.762,adaptive_staircase,,2025.1.1,60.06103401,2025-09-04 20h38.25.710396 +0530
80,5,6,82.5029487,,82.4871969,82.5029487,82.9866544,82.9866544,83.0028211,83.2853673,83.4200912,left,-6,1,1,0.4231777,921248,1,2025-09-04_20h38.24.762,adaptive_staircase,,2025.1.1,60.06103401,2025-09-04 20h38.25.710396 +0530
81,5,1,83.436031,,83.4204491,83.436031,83.9355395,83.9355395,83.9355395,84.2352489,84.602429,left,-1,1,1,0.6562899,921248,1,2025-09-04_20h38.24.762,adaptive_staircase,,2025.1.1,60.06103401,2025-09-04 20h38.25.710396 +0530
82,5,1,84.6185903,,84.602808,84.6185903,85.1181464,85.1181464,85.1181464,85.418107,85.5538126,right,1,1,1,0.4338899,921248,1,2025-09-04_20h38.24.762,adaptive_staircase,,2025.1.1,60.06103401,2025-09-04 20h38.25.710396 +0530
83,5,1,85.5681325,,85.5540848,85.5681325,86.0681685,86.0681685,86.0681685,86.3691878,86.735548,left,-1,0,0,0.6592808,921248,1,2025-09-04_20h38.24.762,adaptive_staircase,,2025.1.1,60.06103401,2025-09-04 20h38.25.710396 +0530
84,5,6,86.751042,,86.7358271,86.751042,87.250222,87.250222,87.250222,87.5503822,87.6687046,left,-6,1,1,0.4031463,921248,1,2025-09-04_20h38.24.762,adaptive_staircase,,2025.1.1,60.06103401,2025-09-04 20h38.25.710396 +0530
85,5,6,87.6832524,,87.6690473,87.6832524,88.1837803,88.1837803,88.1837803,88.4839171,88.6521186,left,-6,1,1,0.4569007,921248,1,2025-09-04_20h38.24.762,adaptive_staircase,,2025.1.1,60.06103401,2025-09-04 20h38.25.710396 +0530
86,5,6,88.6664218,,88.6524614,88.6664218,89.1671116,89.1671116,89.1671116,89.4873577,89.6336993,right,6,1,1,0.4628503,921248,1,2025-09-04_20h38.24.762,adaptive_staircase,,2025.1.1,60.06103401,2025-09-04 20h38.25.710396 +0530
87,5,1,89.6493348,,89.634481,89.6493348,90.1490399,90.1490399,90.1490399,90.4477831,90.7880384,right,1,1,1,0.6350049,921248,1,2025-09-04_20h38.24.762,adaptive_staircase,,2025.1.1,60.06103401,2025-09-04 20h38.25.710396 +0530
88,5,1,90.7982032,,90.7882839,90.7982032,91.2992787,91.2992787,91.2992787,91.5991504,91.9837107,left,-1,1,1,0.6697588,921248,1,2025-09-04_20h38.24.762,adaptive_staircase,,2025.1.1,60.06103401,2025-09-04 20h38.25.710396 +0530
89,5,1,91.9992822,,91.9839786,91.9992822,92.499141,92.499141,92.499141,92.7993372,93.2146618,right,1,1,1,0.7109957,921248,1,2025-09-04_20h38.24.762,adaptive_staircase,,2025.1.1,60.06103401,2025-09-04 20h38.25.710396 +0530
90,5,1,93.2317715,,93.2149189,93.2317715,93.7137983,93.7137983,93.7484469,94.0139753,94.2833344,left,-1,1,1,0.5649649,921248,1,2025-09-04_20h38.24.762,adaptive_staircase,,2025.1.1,60.06103401,2025-09-04 20h38.25.710396 +0530
91,5,1,94.3009325,,94.2836637,94.3009325,94.799357,94.799357,94.8142383,95.1151296,95.331797,left,-1,1,1,0.5254634,921248,1,2025-09-04_20h38.24.762,adaptive_staircase,,2025.1.1,60.06103401,2025-09-04 20h38.25.710396 +0530
92,5,1,95.3471194,,95.3320563,95.3471194,95.8308369,95.8308369,95.847392,96.1309239,96.4144637,left,-1,1,1,0.5760854,921248,1,2025-09-04_20h38.24.762,adaptive_staircase,,2025.1.1,60.06103401,2025-09-04 20h38.25.710396 +0530
93,5,1,96.4314583,,96.4147626,96.4314583,96.9129624,96.9129624,96.9478221,97.213432,97.6329874,left,-1,1,1,0.7189674,921248,1,2025-09-04_20h38.24.762,adaptive_staircase,,2025.1.1,60.06103401,2025-09-04 20h38.25.710396 +0530
94,5,1,97.6472304,,97.6332477,97.6472304,98.1469406,98.1469406,98.1629864,98.4467682,98.8148959,right,1,0,0,0.6647492,921248,1,2025-09-04_20h38.24.762,adaptive_staircase,,2025.1.1,60.06103401,2025-09-04 20h38.25.710396 +0530
95,5,6,98.8292621,,98.8152199,98.8292621,99.32857,99.32857,99.32857,99.628855,99.7628429,right,6,1,1,0.4270968,921248,1,2025-09-04_20h38.24.762,adaptive_staircase,,2025.1.1,60.06103401,2025-09-04 20h38.25.710396 +0530
96,5,6,99.7788145,,99.7631086,99.7788145,100.2629323,100.2629323,100.2782164,100.5622797,100.7298881,right,6,1,1,0.4565917,921248,1,2025-09-04_20h38.24.762,adaptive_staircase,,2025.1.1,60.06103401,2025-09-04 20h38.25.710396 +0530
97,5,6,100.743851,,100.7302519,100.743851,101.245428,101.245428,101.245428,101.5466285,101.7444671,left,-6,1,1,0.4886864,921248,1,2025-09-04_20h38.24.762,adaptive_staircase,,2025.1.1,60.06103401,2025-09-04 20h38.25.710396 +0530
98,5,1,101.7613942,,101.7448101,101.7613942,102.2440449,102.2440449,102.2614871,102.5452412,102.8120984,right,1,1,1,0.5594147,921248,1,2025-09-04_20h38.24.762,adaptive_staircase,,2025.1.1,60.06103401,2025-09-04 20h38.25.710396 +0530
99,5,1,102.8278482,,102.8124215,102.8278482,103.326859,103.326859,103.326859,103.6271244,103.678064,left,-1,1,1,0.3416083,921248,1,2025-09-04_20h38.24.762,adaptive_staircase,,2025.1.1,60.06103401,2025-09-04 20h38.25.710396 +0530
,,,,,,,,,,,,,,,,,,,,,,,,
,,,,,,,,,,,,,,,,,,,,,,,,
,,,,,,,,,,,,,,,,,,,,,,,,
,,,,,,,,,,,,,,,,,,first,0.2,,,,,
,,,,,,,,,,,,,,,,,,accuracy,0.88,,,,,
