thisN,thisTrialN,thisRepN,mouse.x,mouse.y,mouse.leftButton,mouse.midButton,mouse.rightButton,mouse.time,mouse.clicked_name,trials.thisRepN,trials.thisTrialN,trials.thisN,trials.thisIndex,thisRow.t,notes,num_distr,trial.started,fixation.started,target.started,mouse.started,trial.stopped,trials.mouse.x,trials.mouse.y,trials.mouse.leftButton,trials.mouse.midButton,trials.mouse.rightButton,trials.mouse.time,trials.mouse.clicked_name,participant,session,date,expName,expVersion,psychopyVersion,frameRate,expStart
0,0,0,[np.float64(-0.09125)],[np.float64(-0.41375)],[1],[0],[0],3.1548666,['target'],0,0,0,0,0.049974,,10,0.0330868,0.049974,0.049974,0.0331048,3.1880169,[np.float64(-0.09125)],[np.float64(-0.41375)],[1],[0],[0],[3.1548666000016965],['target'],participant 3,1,2025-10-01_19h59.40.349,untitled,,2025.1.1,59.85719272,2025-10-01 19h59.50.264654 +0530
1,0,1,[np.float64(0.40625)],[np.float64(0.0025)],[1],[0],[0],2.4805182,['target'],1,0,1,0,3.2149518,,10,3.2019932,3.2149518,3.2149518,0.0138497,5.6825947,[np.float64(0.40625)],[np.float64(0.0025)],[1],[0],[0],[2.4805182000272907],['target'],participant 3,1,2025-10-01_19h59.40.349,untitled,,2025.1.1,59.85719272,2025-10-01 19h59.50.264654 +0530
2,0,2,[np.float64(-0.2475)],[np.float64(0.2525)],[1],[0],[0],7.264498,['target'],2,0,2,0,5.7142609,,10,5.7006913,5.7142609,5.7142609,0.0179278,12.9653066,[np.float64(-0.2475)],[np.float64(0.2525)],[1],[0],[0],[7.264497999974992],['target'],participant 3,1,2025-10-01_19h59.40.349,untitled,,2025.1.1,59.85719272,2025-10-01 19h59.50.264654 +0530
3,0,3,[np.float64(0.1225)],[np.float64(-0.2075)],[1],[0],[0],1.9488884,['target'],3,0,3,0,13.0111441,,10,12.9985619,13.0111441,13.0111441,0.0330583,14.9475581,[np.float64(0.1225)],[np.float64(-0.2075)],[1],[0],[0],[1.9488883999874815],['target'],participant 3,1,2025-10-01_19h59.40.349,untitled,,2025.1.1,59.85719272,2025-10-01 19h59.50.264654 +0530
4,0,4,[np.float64(-0.16)],[np.float64(0.4975)],[1],[0],[0],2.0996443,['target'],4,0,4,0,14.9768886,,5,14.9647455,14.9768886,14.9768886,0.0169907,17.0644735,[np.float64(-0.16)],[np.float64(0.4975)],[1],[0],[0],[2.0996443000040017],['target'],participant 3,1,2025-10-01_19h59.40.349,untitled,,2025.1.1,59.85719272,2025-10-01 19h59.50.264654 +0530
5,0,5,[np.float64(-0.4125)],[np.float64(0.34625)],[1],[0],[0],1.1663361,['target'],5,0,5,0,17.1262532,,10,17.0948785,17.1262532,17.1262532,0.0303129,18.2613018,[np.float64(-0.4125)],[np.float64(0.34625)],[1],[0],[0],[1.1663361000246368],['target'],participant 3,1,2025-10-01_19h59.40.349,untitled,,2025.1.1,59.85719272,2025-10-01 19h59.50.264654 +0530
6,0,6,[np.float64(-0.09875)],[np.float64(0.1925)],[1],[0],[0],1.1164643,['target'],6,0,6,0,18.2919512,,5,18.2801597,18.2919512,18.2919512,0.0186591,19.3967474,[np.float64(-0.09875)],[np.float64(0.1925)],[1],[0],[0],[1.1164642999647185],['target'],participant 3,1,2025-10-01_19h59.40.349,untitled,,2025.1.1,59.85719272,2025-10-01 19h59.50.264654 +0530
7,0,7,[np.float64(0.4825)],[np.float64(0.18125)],[1],[0],[0],2.1849486,['target'],7,0,7,0,19.4417144,,10,19.4251787,19.4417144,19.4417144,0.0282663,21.610244,[np.float64(0.4825)],[np.float64(0.18125)],[1],[0],[0],[2.1849486000137404],['target'],participant 3,1,2025-10-01_19h59.40.349,untitled,,2025.1.1,59.85719272,2025-10-01 19h59.50.264654 +0530
8,0,8,[np.float64(0.29)],[np.float64(-0.06)],[1],[0],[0],0.98508,['target'],8,0,8,0,21.6415294,,5,21.6266424,21.6415294,21.6415294,0.0161374,22.6118313,[np.float64(0.29)],[np.float64(-0.06)],[1],[0],[0],[0.9850799999549054],['target'],participant 3,1,2025-10-01_19h59.40.349,untitled,,2025.1.1,59.85719272,2025-10-01 19h59.50.264654 +0530
9,0,9,[np.float64(0.1225)],[np.float64(0.31375)],[1],[0],[0],1.6135383,['target'],9,0,9,0,22.6403704,,5,22.6298639,22.6403704,22.6403704,0.017843,24.2435055,[np.float64(0.1225)],[np.float64(0.31375)],[1],[0],[0],[1.613538299978245],['target'],participant 3,1,2025-10-01_19h59.40.349,untitled,,2025.1.1,59.85719272,2025-10-01 19h59.50.264654 +0530
10,0,10,[np.float64(-0.46)],[np.float64(0.0175)],[1],[0],[0],1.6187482,['target'],10,0,10,0,24.2894978,,10,24.2745956,24.2894978,24.2894978,0.0309313,25.8934817,[np.float64(-0.46)],[np.float64(0.0175)],[1],[0],[0],[1.618748200009577],['target'],participant 3,1,2025-10-01_19h59.40.349,untitled,,2025.1.1,59.85719272,2025-10-01 19h59.50.264654 +0530
11,0,11,[np.float64(0.30125)],[np.float64(-0.06)],[1],[0],[0],1.7651557,['target'],11,0,11,0,25.9553597,,10,25.9288848,25.9553597,25.9553597,0.0351481,27.6941515,[np.float64(0.30125)],[np.float64(-0.06)],[1],[0],[0],[1.7651557000353932],['target'],participant 3,1,2025-10-01_19h59.40.349,untitled,,2025.1.1,59.85719272,2025-10-01 19h59.50.264654 +0530
12,0,12,[np.float64(0.1725)],[np.float64(0.13)],[1],[0],[0],1.3141341,['target'],12,0,12,0,27.7548987,,10,27.7257452,27.7548987,27.7548987,0.0313868,29.0399641,[np.float64(0.1725)],[np.float64(0.13)],[1],[0],[0],[1.3141341000446118],['target'],participant 3,1,2025-10-01_19h59.40.349,untitled,,2025.1.1,59.85719272,2025-10-01 19h59.50.264654 +0530
13,0,13,[np.float64(0.30625)],[np.float64(-0.48125)],[1],[0],[0],3.3016791,['target'],13,0,13,0,29.0708429,,5,29.0557976,29.0708429,29.0708429,0.0156736,32.3576199,[np.float64(0.30625)],[np.float64(-0.48125)],[1],[0],[0],[3.3016791000263765],['target'],participant 3,1,2025-10-01_19h59.40.349,untitled,,2025.1.1,59.85719272,2025-10-01 19h59.50.264654 +0530
14,0,14,[np.float64(0.26625)],[np.float64(-0.4525)],[1],[0],[0],1.4806227,['target'],14,0,14,0,32.4194299,,10,32.3922895,32.4194299,32.4194299,0.0344701,33.8730139,[np.float64(0.26625)],[np.float64(-0.4525)],[1],[0],[0],[1.4806226999498904],['target'],participant 3,1,2025-10-01_19h59.40.349,untitled,,2025.1.1,59.85719272,2025-10-01 19h59.50.264654 +0530
15,0,15,[np.float64(-0.2525)],[np.float64(0.43)],[1],[0],[0],2.6827351,['target'],15,0,15,0,33.9192687,,10,33.9062404,33.9192687,33.9192687,0.032969,36.5891012,[np.float64(-0.2525)],[np.float64(0.43)],[1],[0],[0],[2.682735100039281],['target'],participant 3,1,2025-10-01_19h59.40.349,untitled,,2025.1.1,59.85719272,2025-10-01 19h59.50.264654 +0530
16,0,16,[np.float64(-0.4825)],[np.float64(0.41625)],[1],[0],[0],1.1988205,['target'],16,0,16,0,36.6510905,,10,36.622727,36.6510905,36.6510905,0.0333716,37.8216714,[np.float64(-0.4825)],[np.float64(0.41625)],[1],[0],[0],[1.198820500052534],['target'],participant 3,1,2025-10-01_19h59.40.349,untitled,,2025.1.1,59.85719272,2025-10-01 19h59.50.264654 +0530
17,0,17,[np.float64(0.35875)],[np.float64(-0.1575)],[1],[0],[0],1.6817161,['target'],17,0,17,0,37.8502032,,5,37.8388883,37.8502032,37.8502032,0.0169249,39.5207186,[np.float64(0.35875)],[np.float64(-0.1575)],[1],[0],[0],[1.6817160999635234],['target'],participant 3,1,2025-10-01_19h59.40.349,untitled,,2025.1.1,59.85719272,2025-10-01 19h59.50.264654 +0530
18,0,18,[np.float64(0.2675)],[np.float64(0.46)],[1],[0],[0],3.4806722,['target'],18,0,18,0,39.5827924,,10,39.5553876,39.5827924,39.5827924,0.0344897,43.0361698,[np.float64(0.2675)],[np.float64(0.46)],[1],[0],[0],[3.480672199977562],['target'],participant 3,1,2025-10-01_19h59.40.349,untitled,,2025.1.1,59.85719272,2025-10-01 19h59.50.264654 +0530
19,0,19,[np.float64(0.34375)],[np.float64(-0.425)],[1],[0],[0],1.7807204,['target'],19,0,19,0,43.0646717,,5,43.0540607,43.0646717,43.0646717,0.0176078,44.8348929,[np.float64(0.34375)],[np.float64(-0.425)],[1],[0],[0],[1.7807204000419006],['target'],participant 3,1,2025-10-01_19h59.40.349,untitled,,2025.1.1,59.85719272,2025-10-01 19h59.50.264654 +0530
20,0,20,[np.float64(-0.245)],[np.float64(-0.42)],[1],[0],[0],1.2347267,['target'],20,0,20,0,44.8813086,,10,44.8655898,44.8813086,44.8813086,0.0304669,46.100413,[np.float64(-0.245)],[np.float64(-0.42)],[1],[0],[0],[1.234726700000465],['target'],participant 3,1,2025-10-01_19h59.40.349,untitled,,2025.1.1,59.85719272,2025-10-01 19h59.50.264654 +0530
21,0,21,[np.float64(-0.31625)],[np.float64(-0.025)],[1],[0],[0],1.3683825,['target'],21,0,21,0,46.1634516,,10,46.1326006,46.1634516,46.1634516,0.0318586,47.5010963,[np.float64(-0.31625)],[np.float64(-0.025)],[1],[0],[0],[1.3683825000189245],['target'],participant 3,1,2025-10-01_19h59.40.349,untitled,,2025.1.1,59.85719272,2025-10-01 19h59.50.264654 +0530
22,0,22,[np.float64(-0.42375)],[np.float64(-0.315)],[1],[0],[0],2.5998008,['target'],22,0,22,0,47.546762,,10,47.5321704,47.546762,47.546762,0.0308519,50.1321078,[np.float64(-0.42375)],[np.float64(-0.315)],[1],[0],[0],[2.599800799973309],['target'],participant 3,1,2025-10-01_19h59.40.349,untitled,,2025.1.1,59.85719272,2025-10-01 19h59.50.264654 +0530
23,0,23,[np.float64(-0.31875)],[np.float64(0.34875)],[1],[0],[0],1.5684833,['target'],23,0,23,0,50.1949713,,10,50.1634242,50.1949713,50.1949713,0.0310719,51.7320649,[np.float64(-0.31875)],[np.float64(0.34875)],[1],[0],[0],[1.5684832999831997],['target'],participant 3,1,2025-10-01_19h59.40.349,untitled,,2025.1.1,59.85719272,2025-10-01 19h59.50.264654 +0530
24,0,24,[np.float64(-0.42875)],[np.float64(0.0775)],[1],[0],[0],1.3679169,[None],24,0,24,0,51.7944336,,10,51.7637883,51.7944336,51.7944336,0.031484,53.1318215,[np.float64(-0.42875)],[np.float64(0.0775)],[1],[0],[0],[1.367916899966076],[None],participant 3,1,2025-10-01_19h59.40.349,untitled,,2025.1.1,59.85719272,2025-10-01 19h59.50.264654 +0530
25,0,25,[np.float64(0.10625)],[np.float64(-0.30875)],[1],[0],[0],1.4780764,['target'],25,0,25,0,53.1939638,,10,53.1689966,53.1939638,53.1939638,0.0369557,54.6471865,[np.float64(0.10625)],[np.float64(-0.30875)],[1],[0],[0],[1.4780764000024647],['target'],participant 3,1,2025-10-01_19h59.40.349,untitled,,2025.1.1,59.85719272,2025-10-01 19h59.50.264654 +0530
26,0,26,[np.float64(0.37)],[np.float64(0.40875)],[1],[0],[0],2.598227,['target'],26,0,26,0,54.7097246,,10,54.6809422,54.7097246,54.7097246,0.0334767,57.2792582,[np.float64(0.37)],[np.float64(0.40875)],[1],[0],[0],[2.5982269999803975],['target'],participant 3,1,2025-10-01_19h59.40.349,untitled,,2025.1.1,59.85719272,2025-10-01 19h59.50.264654 +0530
27,0,27,[np.float64(-0.21125)],[np.float64(-0.3625)],[1],[0],[0],2.464944,['target'],27,0,27,0,57.3421815,,10,57.3141092,57.3421815,57.3421815,0.0346634,59.7791495,[np.float64(-0.21125)],[np.float64(-0.3625)],[1],[0],[0],[2.4649440000066534],['target'],participant 3,1,2025-10-01_19h59.40.349,untitled,,2025.1.1,59.85719272,2025-10-01 19h59.50.264654 +0530
28,0,28,[np.float64(0.36875)],[np.float64(-0.17625)],[1],[0],[0],1.8656707,['target'],28,0,28,0,59.8411172,,10,59.8117421,59.8411172,59.8411172,0.0323792,61.6775141,[np.float64(0.36875)],[np.float64(-0.17625)],[1],[0],[0],[1.865670700033661],['target'],participant 3,1,2025-10-01_19h59.40.349,untitled,,2025.1.1,59.85719272,2025-10-01 19h59.50.264654 +0530
29,0,29,[np.float64(0.34875)],[np.float64(0.2475)],[1],[0],[0],1.3660772,['target'],29,0,29,0,61.7403872,,10,61.7110848,61.7403872,61.7403872,0.0333373,63.077253,[np.float64(0.34875)],[np.float64(0.2475)],[1],[0],[0],[1.3660771999857388],['target'],participant 3,1,2025-10-01_19h59.40.349,untitled,,2025.1.1,59.85719272,2025-10-01 19h59.50.264654 +0530
30,0,30,[np.float64(0.33625)],[np.float64(0.45625)],[1],[0],[0],1.4227529,['target'],30,0,30,0,63.10621,,5,63.0927914,63.10621,63.10621,0.0153695,64.5156859,[np.float64(0.33625)],[np.float64(0.45625)],[1],[0],[0],[1.4227528999908827],['target'],participant 3,1,2025-10-01_19h59.40.349,untitled,,2025.1.1,59.85719272,2025-10-01 19h59.50.264654 +0530
31,0,31,[np.float64(0.4775)],[np.float64(-0.37125)],[1],[0],[0],1.7885448,['target'],31,0,31,0,64.5720996,,10,64.5543835,64.5720996,64.5720996,0.0383994,66.3430078,[np.float64(0.4775)],[np.float64(-0.37125)],[1],[0],[0],[1.78854479995789],['target'],participant 3,1,2025-10-01_19h59.40.349,untitled,,2025.1.1,59.85719272,2025-10-01 19h59.50.264654 +0530
32,0,32,[np.float64(-0.02)],[np.float64(-0.1975)],[1],[0],[0],1.4324224,['target'],32,0,32,0,66.4046972,,10,66.375273,66.4046972,66.4046972,0.0321071,67.8077698,[np.float64(-0.02)],[np.float64(-0.1975)],[1],[0],[0],[1.4324223999865353],['target'],participant 3,1,2025-10-01_19h59.40.349,untitled,,2025.1.1,59.85719272,2025-10-01 19h59.50.264654 +0530
33,0,33,[np.float64(-0.37625)],[np.float64(0.1325)],[1],[0],[0],1.8973997,['target'],33,0,33,0,67.8376413,,5,67.8265635,67.8376413,67.8376413,0.0186701,69.7240594,[np.float64(-0.37625)],[np.float64(0.1325)],[1],[0],[0],[1.8973997000139207],['target'],participant 3,1,2025-10-01_19h59.40.349,untitled,,2025.1.1,59.85719272,2025-10-01 19h59.50.264654 +0530
34,0,34,[np.float64(-0.04125)],[np.float64(0.17)],[1],[0],[0],1.3528459,['target'],34,0,34,0,69.7870745,,10,69.7537934,69.7870745,69.7870745,0.0295317,71.1067401,[np.float64(-0.04125)],[np.float64(0.17)],[1],[0],[0],[1.3528458999935538],['target'],participant 3,1,2025-10-01_19h59.40.349,untitled,,2025.1.1,59.85719272,2025-10-01 19h59.50.264654 +0530
35,0,35,[np.float64(-0.05125)],[np.float64(-0.16875)],[1],[0],[0],1.2450011,['target'],35,0,35,0,71.1693237,,10,71.1448338,71.1693237,71.1693237,0.037884,72.3899088,[np.float64(-0.05125)],[np.float64(-0.16875)],[1],[0],[0],[1.2450011000037193],['target'],participant 3,1,2025-10-01_19h59.40.349,untitled,,2025.1.1,59.85719272,2025-10-01 19h59.50.264654 +0530
36,0,36,[np.float64(-0.3325)],[np.float64(0.02375)],[1],[0],[0],2.8359133,['target'],36,0,36,0,72.4353337,,10,72.418876,72.4353337,72.4353337,0.028819,75.2549099,[np.float64(-0.3325)],[np.float64(0.02375)],[1],[0],[0],[2.8359132999903522],['target'],participant 3,1,2025-10-01_19h59.40.349,untitled,,2025.1.1,59.85719272,2025-10-01 19h59.50.264654 +0530
37,0,37,[np.float64(0.305)],[np.float64(0.17875)],[1],[0],[0],1.5137979,['target'],37,0,37,0,75.3007878,,5,75.2739184,75.3007878,75.3007878,0.0187435,76.7877832,[np.float64(0.305)],[np.float64(0.17875)],[1],[0],[0],[1.5137978999991901],['target'],participant 3,1,2025-10-01_19h59.40.349,untitled,,2025.1.1,59.85719272,2025-10-01 19h59.50.264654 +0530
38,0,38,[np.float64(0.45)],[np.float64(0.19375)],[1],[0],[0],1.2987116,['target'],38,0,38,0,76.8168596,,5,76.8051816,76.8168596,76.8168596,0.0172349,78.104007,[np.float64(0.45)],[np.float64(0.19375)],[1],[0],[0],[1.29871160001494],['target'],participant 3,1,2025-10-01_19h59.40.349,untitled,,2025.1.1,59.85719272,2025-10-01 19h59.50.264654 +0530
39,0,39,[np.float64(0.28)],[np.float64(0.14875)],[1],[0],[0],1.1107644,['target'],39,0,39,0,78.1331293,,5,78.1242048,78.1331293,78.1331293,0.020003,79.2350555,[np.float64(0.28)],[np.float64(0.14875)],[1],[0],[0],[1.1107643999857828],['target'],participant 3,1,2025-10-01_19h59.40.349,untitled,,2025.1.1,59.85719272,2025-10-01 19h59.50.264654 +0530
40,0,40,[np.float64(-0.32375)],[np.float64(0.3825)],[1],[0],[0],2.4312513,['target'],40,0,40,0,79.265925,,5,79.2526331,79.265925,79.265925,0.0174669,81.6840117,[np.float64(-0.32375)],[np.float64(0.3825)],[1],[0],[0],[2.431251300033182],['target'],participant 3,1,2025-10-01_19h59.40.349,untitled,,2025.1.1,59.85719272,2025-10-01 19h59.50.264654 +0530
41,0,41,[np.float64(0.47625)],[np.float64(0.24125)],[1],[0],[0],1.7201961,['target'],41,0,41,0,81.7312903,,10,81.714808,81.7312903,81.7312903,0.0305943,83.43512,[np.float64(0.47625)],[np.float64(0.24125)],[1],[0],[0],[1.720196100010071],['target'],participant 3,1,2025-10-01_19h59.40.349,untitled,,2025.1.1,59.85719272,2025-10-01 19h59.50.264654 +0530
42,0,42,[np.float64(-0.05125)],[np.float64(0.03375)],[1],[0],[0],2.778693,['target'],42,0,42,0,83.4975967,,10,83.4717159,83.4975967,83.4975967,0.0363233,86.2505225,[np.float64(-0.05125)],[np.float64(0.03375)],[1],[0],[0],[2.778693000029307],['target'],participant 3,1,2025-10-01_19h59.40.349,untitled,,2025.1.1,59.85719272,2025-10-01 19h59.50.264654 +0530
43,0,43,[np.float64(-0.0275)],[np.float64(-0.08875)],[1],[0],[0],1.1312634,[None],43,0,43,0,86.2793588,,5,86.2681844,86.2793588,86.2793588,0.0173816,87.3995675,[np.float64(-0.0275)],[np.float64(-0.08875)],[1],[0],[0],[1.1312634000205435],[None],participant 3,1,2025-10-01_19h59.40.349,untitled,,2025.1.1,59.85719272,2025-10-01 19h59.50.264654 +0530
44,0,44,[np.float64(0.31125)],[np.float64(-0.385)],[1],[0],[0],2.3328397,['target'],44,0,44,0,87.4622523,,10,87.4325306,87.4622523,87.4622523,0.0327893,89.7654957,[np.float64(0.31125)],[np.float64(-0.385)],[1],[0],[0],[2.332839699985925],['target'],participant 3,1,2025-10-01_19h59.40.349,untitled,,2025.1.1,59.85719272,2025-10-01 19h59.50.264654 +0530
45,0,45,[np.float64(-0.02125)],[np.float64(0.47125)],[1],[0],[0],2.2765808,['target'],45,0,45,0,89.8282464,,10,89.8053761,89.8282464,89.8282464,0.039603,92.0820746,[np.float64(-0.02125)],[np.float64(0.47125)],[1],[0],[0],[2.2765807999530807],['target'],participant 3,1,2025-10-01_19h59.40.349,untitled,,2025.1.1,59.85719272,2025-10-01 19h59.50.264654 +0530
46,0,46,[np.float64(0.2725)],[np.float64(0.46125)],[1],[0],[0],1.3292972,['target'],46,0,46,0,92.126977,,5,92.101506,92.126977,92.126977,0.0191653,93.4308929,[np.float64(0.2725)],[np.float64(0.46125)],[1],[0],[0],[1.3292971999617293],['target'],participant 3,1,2025-10-01_19h59.40.349,untitled,,2025.1.1,59.85719272,2025-10-01 19h59.50.264654 +0530
47,0,47,[np.float64(-0.38375)],[np.float64(0.31125)],[1],[0],[0],1.9978597,['target'],47,0,47,0,93.4933859,,10,93.4659476,93.4933859,93.4933859,0.0349424,95.4639397,[np.float64(-0.38375)],[np.float64(0.31125)],[1],[0],[0],[1.997859700000845],['target'],participant 3,1,2025-10-01_19h59.40.349,untitled,,2025.1.1,59.85719272,2025-10-01 19h59.50.264654 +0530
48,0,48,[np.float64(0.29625)],[np.float64(-0.06625)],[1],[0],[0],1.6138178,['target'],48,0,48,0,95.4920973,,5,95.4816477,95.4920973,95.4920973,0.0174428,97.095565,[np.float64(0.29625)],[np.float64(-0.06625)],[1],[0],[0],[1.6138178000110202],['target'],participant 3,1,2025-10-01_19h59.40.349,untitled,,2025.1.1,59.85719272,2025-10-01 19h59.50.264654 +0530
49,0,49,[np.float64(-0.2675)],[np.float64(0.24875)],[1],[0],[0],1.553459,['target'],49,0,49,0,97.1580656,,10,97.1255391,97.1580656,97.1580656,0.0298053,98.6792014,[np.float64(-0.2675)],[np.float64(0.24875)],[1],[0],[0],[1.5534590000170283],['target'],participant 3,1,2025-10-01_19h59.40.349,untitled,,2025.1.1,59.85719272,2025-10-01 19h59.50.264654 +0530
50,0,50,[np.float64(-0.1025)],[np.float64(0.295)],[1],[0],[0],1.2590194,['target'],50,0,50,0,98.7241409,,5,98.7019879,98.7241409,98.7241409,0.0225571,99.9611259,[np.float64(-0.1025)],[np.float64(0.295)],[1],[0],[0],[1.2590193999931216],['target'],participant 3,1,2025-10-01_19h59.40.349,untitled,,2025.1.1,59.85719272,2025-10-01 19h59.50.264654 +0530
51,0,51,[np.float64(-0.34125)],[np.float64(-0.2475)],[1],[0],[0],3.2155319,['target'],51,0,51,0,100.0234304,,10,99.9932711,100.0234304,100.0234304,0.0319542,103.2089281,[np.float64(-0.34125)],[np.float64(-0.2475)],[1],[0],[0],[3.215531900001224],['target'],participant 3,1,2025-10-01_19h59.40.349,untitled,,2025.1.1,59.85719272,2025-10-01 19h59.50.264654 +0530
52,0,52,[np.float64(-0.26)],[np.float64(-0.08625)],[1],[0],[0],1.2017896,['target'],52,0,52,0,103.2389408,,5,103.2255475,103.2389408,103.2389408,0.0163964,104.4274516,[np.float64(-0.26)],[np.float64(-0.08625)],[1],[0],[0],[1.2017896000179462],['target'],participant 3,1,2025-10-01_19h59.40.349,untitled,,2025.1.1,59.85719272,2025-10-01 19h59.50.264654 +0530
53,0,53,[np.float64(0.10375)],[np.float64(-0.27875)],[1],[0],[0],1.3289769,['target'],53,0,53,0,104.4550474,,5,104.4446422,104.4550474,104.4550474,0.0170217,105.7736912,[np.float64(0.10375)],[np.float64(-0.27875)],[1],[0],[0],[1.3289769000257365],['target'],participant 3,1,2025-10-01_19h59.40.349,untitled,,2025.1.1,59.85719272,2025-10-01 19h59.50.264654 +0530
54,0,54,[np.float64(-0.28)],[np.float64(-0.47625)],[1],[0],[0],1.6687303,['target'],54,0,54,0,105.8049599,,5,105.7891171,105.8049599,105.8049599,0.015305,107.4579546,[np.float64(-0.28)],[np.float64(-0.47625)],[1],[0],[0],[1.6687302999780513],['target'],participant 3,1,2025-10-01_19h59.40.349,untitled,,2025.1.1,59.85719272,2025-10-01 19h59.50.264654 +0530
55,0,55,[np.float64(-0.21)],[np.float64(0.145)],[1],[0],[0],1.966439,['target'],55,0,55,0,107.5202773,,10,107.4907148,107.5202773,107.5202773,0.032578,109.4572627,[np.float64(-0.21)],[np.float64(0.145)],[1],[0],[0],[1.9664389999816194],['target'],participant 3,1,2025-10-01_19h59.40.349,untitled,,2025.1.1,59.85719272,2025-10-01 19h59.50.264654 +0530
56,0,56,[np.float64(0.33125)],[np.float64(-0.46125)],[1],[0],[0],2.3653605,['target'],56,0,56,0,109.4861006,,5,109.4737717,109.4861006,109.4861006,0.0162712,111.8392394,[np.float64(0.33125)],[np.float64(-0.46125)],[1],[0],[0],[2.3653604999999516],['target'],participant 3,1,2025-10-01_19h59.40.349,untitled,,2025.1.1,59.85719272,2025-10-01 19h59.50.264654 +0530
57,0,57,[np.float64(-0.01625)],[np.float64(-0.16375)],[1],[0],[0],1.181356,['target'],57,0,57,0,111.86843,,5,111.8571943,111.86843,111.86843,0.0177341,113.0386582,[np.float64(-0.01625)],[np.float64(-0.16375)],[1],[0],[0],[1.1813559999573044],['target'],participant 3,1,2025-10-01_19h59.40.349,untitled,,2025.1.1,59.85719272,2025-10-01 19h59.50.264654 +0530
58,0,58,[np.float64(0.3125)],[np.float64(0.135)],[1],[0],[0],1.5961153,['target'],58,0,58,0,113.0678371,,5,113.0569321,113.0678371,113.0678371,0.0180938,114.6531972,[np.float64(0.3125)],[np.float64(0.135)],[1],[0],[0],[1.596115300024394],['target'],participant 3,1,2025-10-01_19h59.40.349,untitled,,2025.1.1,59.85719272,2025-10-01 19h59.50.264654 +0530
59,0,59,[np.float64(0.4275)],[np.float64(-0.41875)],[1],[0],[0],2.9158569,['target'],59,0,59,0,114.7004351,,10,114.6868626,114.7004351,114.7004351,0.0334581,117.6027964,[np.float64(0.4275)],[np.float64(-0.41875)],[1],[0],[0],[2.9158568999846466],['target'],participant 3,1,2025-10-01_19h59.40.349,untitled,,2025.1.1,59.85719272,2025-10-01 19h59.50.264654 +0530
60,0,60,[np.float64(0.3925)],[np.float64(-0.245)],[1],[0],[0],1.4327236,['target'],60,0,60,0,117.6326781,,5,117.6195507,117.6326781,117.6326781,0.0165998,119.0523842,[np.float64(0.3925)],[np.float64(-0.245)],[1],[0],[0],[1.432723600009922],['target'],participant 3,1,2025-10-01_19h59.40.349,untitled,,2025.1.1,59.85719272,2025-10-01 19h59.50.264654 +0530
61,0,61,[np.float64(-0.06375)],[np.float64(-0.21375)],[1],[0],[0],1.2637255,['target'],61,0,61,0,119.08214,,5,119.0703465,119.08214,119.08214,0.0177658,120.3341846,[np.float64(-0.06375)],[np.float64(-0.21375)],[1],[0],[0],[1.2637254999717698],['target'],participant 3,1,2025-10-01_19h59.40.349,untitled,,2025.1.1,59.85719272,2025-10-01 19h59.50.264654 +0530
62,0,62,[np.float64(-0.41)],[np.float64(0.165)],[1],[0],[0],3.0024961,['target'],62,0,62,0,120.3813679,,10,120.3650694,120.3813679,120.3813679,0.0307207,123.3677258,[np.float64(-0.41)],[np.float64(0.165)],[1],[0],[0],[3.002496099972632],['target'],participant 3,1,2025-10-01_19h59.40.349,untitled,,2025.1.1,59.85719272,2025-10-01 19h59.50.264654 +0530
63,0,63,[np.float64(-0.49125)],[np.float64(-0.19125)],[1],[0],[0],1.8374917,['target'],63,0,63,0,123.414089,,10,123.4016877,123.414089,123.414089,0.0336758,125.2393297,[np.float64(-0.49125)],[np.float64(-0.19125)],[1],[0],[0],[1.8374917000182904],['target'],participant 3,1,2025-10-01_19h59.40.349,untitled,,2025.1.1,59.85719272,2025-10-01 19h59.50.264654 +0530
64,0,64,[np.float64(0.14125)],[np.float64(0.49125)],[1],[0],[0],2.5104762,['target'],64,0,64,0,125.2793303,,5,125.2555661,125.2793303,125.2793303,0.015952,127.7661444,[np.float64(0.14125)],[np.float64(0.49125)],[1],[0],[0],[2.51047620002646],['target'],participant 3,1,2025-10-01_19h59.40.349,untitled,,2025.1.1,59.85719272,2025-10-01 19h59.50.264654 +0530
65,0,65,[np.float64(0.1275)],[np.float64(-0.36375)],[1],[0],[0],2.6137343,['target'],65,0,65,0,127.8284137,,10,127.8011591,127.8284137,127.8284137,0.0348785,130.4150318,[np.float64(0.1275)],[np.float64(-0.36375)],[1],[0],[0],[2.6137343000154942],['target'],participant 3,1,2025-10-01_19h59.40.349,untitled,,2025.1.1,59.85719272,2025-10-01 19h59.50.264654 +0530
66,0,66,[np.float64(0.2075)],[np.float64(0.23)],[1],[0],[0],1.897671,['target'],66,0,66,0,130.4774914,,10,130.4492835,130.4774914,130.4774914,0.033987,132.3470657,[np.float64(0.2075)],[np.float64(0.23)],[1],[0],[0],[1.897670999984257],['target'],participant 3,1,2025-10-01_19h59.40.349,untitled,,2025.1.1,59.85719272,2025-10-01 19h59.50.264654 +0530
67,0,67,[np.float64(-0.4075)],[np.float64(0.4825)],[1],[0],[0],2.1971551,['target'],67,0,67,0,132.3930157,,5,132.3664571,132.3930157,132.3930157,0.0191593,134.563723,[np.float64(-0.4075)],[np.float64(0.4825)],[1],[0],[0],[2.197155100002419],['target'],participant 3,1,2025-10-01_19h59.40.349,untitled,,2025.1.1,59.85719272,2025-10-01 19h59.50.264654 +0530
68,0,68,[np.float64(0.2825)],[np.float64(-0.39125)],[1],[0],[0],1.9325497,['target'],68,0,68,0,134.6256144,,10,134.5961678,134.6256144,134.6256144,0.0322206,136.5288226,[np.float64(0.2825)],[np.float64(-0.39125)],[1],[0],[0],[1.9325497000245377],['target'],participant 3,1,2025-10-01_19h59.40.349,untitled,,2025.1.1,59.85719272,2025-10-01 19h59.50.264654 +0530
69,0,69,[np.float64(0.01)],[np.float64(-0.0975)],[1],[0],[0],1.4784275,['target'],69,0,69,0,136.591178,,10,136.5668233,136.591178,136.591178,0.0377578,138.0453484,[np.float64(0.01)],[np.float64(-0.0975)],[1],[0],[0],[1.4784274999983609],['target'],participant 3,1,2025-10-01_19h59.40.349,untitled,,2025.1.1,59.85719272,2025-10-01 19h59.50.264654 +0530
70,0,70,[np.float64(0.1075)],[np.float64(0.3725)],[1],[0],[0],1.4371397,['target'],70,0,70,0,138.0904761,,10,138.0743698,138.0904761,138.0904761,0.028864,139.5116243,[np.float64(0.1075)],[np.float64(0.3725)],[1],[0],[0],[1.4371397000504658],['target'],participant 3,1,2025-10-01_19h59.40.349,untitled,,2025.1.1,59.85719272,2025-10-01 19h59.50.264654 +0530
71,0,71,[np.float64(-0.155)],[np.float64(0.1275)],[1],[0],[0],1.04537,['target'],71,0,71,0,139.5567595,,5,139.5309444,139.5567595,139.5567595,0.0190854,140.5764595,[np.float64(-0.155)],[np.float64(0.1275)],[1],[0],[0],[1.0453700000070967],['target'],participant 3,1,2025-10-01_19h59.40.349,untitled,,2025.1.1,59.85719272,2025-10-01 19h59.50.264654 +0530
72,0,72,[np.float64(-0.38875)],[np.float64(0.125)],[1],[0],[0],1.262966,['target'],72,0,72,0,140.6225154,,5,140.5952233,140.6225154,140.6225154,0.0185744,141.8582837,[np.float64(-0.38875)],[np.float64(0.125)],[1],[0],[0],[1.2629659999511205],['target'],participant 3,1,2025-10-01_19h59.40.349,untitled,,2025.1.1,59.85719272,2025-10-01 19h59.50.264654 +0530
73,0,73,[np.float64(0.13875)],[np.float64(-0.325)],[1],[0],[0],2.0382063,[None],73,0,73,0,141.90535,,10,141.8874885,141.90535,141.90535,0.0290952,143.925801,[np.float64(0.13875)],[np.float64(-0.325)],[1],[0],[0],[2.038206299999729],[None],participant 3,1,2025-10-01_19h59.40.349,untitled,,2025.1.1,59.85719272,2025-10-01 19h59.50.264654 +0530
74,0,74,[np.float64(-0.04)],[np.float64(-0.395)],[1],[0],[0],1.1349292,[None],74,0,74,0,143.9881139,,10,143.9581831,143.9881139,143.9881139,0.0321328,145.0932245,[np.float64(-0.04)],[np.float64(-0.395)],[1],[0],[0],[1.134929199994076],[None],participant 3,1,2025-10-01_19h59.40.349,untitled,,2025.1.1,59.85719272,2025-10-01 19h59.50.264654 +0530
75,0,75,[np.float64(-0.06625)],[np.float64(-0.4125)],[1],[0],[0],0.8464076,[None],75,0,75,0,145.1206514,,5,145.1110127,145.1206514,145.1206514,0.0175349,145.9575222,[np.float64(-0.06625)],[np.float64(-0.4125)],[1],[0],[0],[0.8464075999800116],[None],participant 3,1,2025-10-01_19h59.40.349,untitled,,2025.1.1,59.85719272,2025-10-01 19h59.50.264654 +0530
76,0,76,[np.float64(0.22625)],[np.float64(-0.07625)],[1],[0],[0],1.5855113,['target'],76,0,76,0,146.0035072,,10,145.989212,146.0035072,146.0035072,0.0314703,147.5748279,[np.float64(0.22625)],[np.float64(-0.07625)],[1],[0],[0],[1.5855112999561243],['target'],participant 3,1,2025-10-01_19h59.40.349,untitled,,2025.1.1,59.85719272,2025-10-01 19h59.50.264654 +0530
77,0,77,[np.float64(0.055)],[np.float64(-0.22375)],[1],[0],[0],2.0510818,['target'],77,0,77,0,147.6366737,,10,147.6053607,147.6366737,147.6366737,0.0303107,149.6565587,[np.float64(0.055)],[np.float64(-0.22375)],[1],[0],[0],[2.0510817999602295],['target'],participant 3,1,2025-10-01_19h59.40.349,untitled,,2025.1.1,59.85719272,2025-10-01 19h59.50.264654 +0530
78,0,78,[np.float64(-0.16875)],[np.float64(-0.3425)],[1],[0],[0],1.1660756,['target'],78,0,78,0,149.6855031,,5,149.6727414,149.6855031,149.6855031,0.0158976,150.8389271,[np.float64(-0.16875)],[np.float64(-0.3425)],[1],[0],[0],[1.1660755999619141],['target'],participant 3,1,2025-10-01_19h59.40.349,untitled,,2025.1.1,59.85719272,2025-10-01 19h59.50.264654 +0530
79,0,79,[np.float64(0.27125)],[np.float64(0.09)],[1],[0],[0],1.5970235,['target'],79,0,79,0,150.8849579,,5,150.8575753,150.8849579,150.8849579,0.0184513,152.4547419,[np.float64(0.27125)],[np.float64(0.09)],[1],[0],[0],[1.5970235000131652],['target'],participant 3,1,2025-10-01_19h59.40.349,untitled,,2025.1.1,59.85719272,2025-10-01 19h59.50.264654 +0530
80,0,80,[np.float64(-0.31625)],[np.float64(-0.38)],[1],[0],[0],3.0792446,['target'],80,0,80,0,152.5179346,,10,152.4908285,152.5179346,152.5179346,0.0358976,155.570174,[np.float64(-0.31625)],[np.float64(-0.38)],[1],[0],[0],[3.0792446000268683],['target'],participant 3,1,2025-10-01_19h59.40.349,untitled,,2025.1.1,59.85719272,2025-10-01 19h59.50.264654 +0530
81,0,81,[np.float64(-0.08)],[np.float64(0.32375)],[1],[0],[0],1.3677946,['target'],81,0,81,0,155.5999668,,5,155.587158,155.5999668,155.5999668,0.0167704,156.9550556,[np.float64(-0.08)],[np.float64(0.32375)],[1],[0],[0],[1.367794599966146],['target'],participant 3,1,2025-10-01_19h59.40.349,untitled,,2025.1.1,59.85719272,2025-10-01 19h59.50.264654 +0530
82,0,82,[np.float64(0.5025)],[np.float64(0.225)],[1],[0],[0],1.7477456,['target'],82,0,82,0,156.9824543,,5,156.9712701,156.9824543,156.9824543,0.0160291,158.7191005,[np.float64(0.5025)],[np.float64(0.225)],[1],[0],[0],[1.7477456000051461],['target'],participant 3,1,2025-10-01_19h59.40.349,untitled,,2025.1.1,59.85719272,2025-10-01 19h59.50.264654 +0530
83,0,83,[np.float64(0.1575)],[np.float64(0.23)],[1],[0],[0],1.3833608,['target'],83,0,83,0,158.7812815,,10,158.7513927,158.7812815,158.7812815,0.032161,160.1348656,[np.float64(0.1575)],[np.float64(0.23)],[1],[0],[0],[1.3833608000422828],['target'],participant 3,1,2025-10-01_19h59.40.349,untitled,,2025.1.1,59.85719272,2025-10-01 19h59.50.264654 +0530
84,0,84,[np.float64(-0.1025)],[np.float64(-0.2375)],[1],[0],[0],1.7939762,['target'],84,0,84,0,160.1810033,,5,160.1555289,160.1810033,160.1810033,0.0204167,161.9496024,[np.float64(-0.1025)],[np.float64(-0.2375)],[1],[0],[0],[1.79397619998781],['target'],participant 3,1,2025-10-01_19h59.40.349,untitled,,2025.1.1,59.85719272,2025-10-01 19h59.50.264654 +0530
85,0,85,[np.float64(0.4875)],[np.float64(0.11)],[1],[0],[0],1.9336058,['target'],85,0,85,0,162.0133113,,10,161.9825799,162.0133113,162.0133113,0.0327832,163.9162873,[np.float64(0.4875)],[np.float64(0.11)],[1],[0],[0],[1.933605800033547],['target'],participant 3,1,2025-10-01_19h59.40.349,untitled,,2025.1.1,59.85719272,2025-10-01 19h59.50.264654 +0530
86,0,86,[np.float64(-0.34125)],[np.float64(-0.2575)],[1],[0],[0],2.3471674,['target'],86,0,86,0,163.9792065,,10,163.9521941,163.9792065,163.9792065,0.0356788,166.2994645,[np.float64(-0.34125)],[np.float64(-0.2575)],[1],[0],[0],[2.347167400002945],['target'],participant 3,1,2025-10-01_19h59.40.349,untitled,,2025.1.1,59.85719272,2025-10-01 19h59.50.264654 +0530
87,0,87,[np.float64(-0.43)],[np.float64(0.43375)],[1],[0],[0],2.6350944,['target'],87,0,87,0,166.3614264,,10,166.3306663,166.3614264,166.3614264,0.0309477,168.9658705,[np.float64(-0.43)],[np.float64(0.43375)],[1],[0],[0],[2.635094399971422],['target'],participant 3,1,2025-10-01_19h59.40.349,untitled,,2025.1.1,59.85719272,2025-10-01 19h59.50.264654 +0530
88,0,88,[np.float64(0.475)],[np.float64(-0.2575)],[1],[0],[0],1.9952925,['target'],88,0,88,0,169.0107832,,5,168.9860426,169.0107832,169.0107832,0.0199772,170.9814218,[np.float64(0.475)],[np.float64(-0.2575)],[1],[0],[0],[1.9952925000106916],['target'],participant 3,1,2025-10-01_19h59.40.349,untitled,,2025.1.1,59.85719272,2025-10-01 19h59.50.264654 +0530
89,0,89,[np.float64(0.355)],[np.float64(0.46125)],[1],[0],[0],1.8510753,['target'],89,0,89,0,171.0096933,,5,170.9964958,171.0096933,171.0096933,0.0149402,172.8476571,[np.float64(0.355)],[np.float64(0.46125)],[1],[0],[0],[1.8510753000155091],['target'],participant 3,1,2025-10-01_19h59.40.349,untitled,,2025.1.1,59.85719272,2025-10-01 19h59.50.264654 +0530
90,0,90,[np.float64(0.36)],[np.float64(-0.07875)],[1],[0],[0],1.7650702,['target'],90,0,90,0,172.9091086,,10,172.8807538,172.9091086,172.9091086,0.0329027,174.645931,[np.float64(0.36)],[np.float64(-0.07875)],[1],[0],[0],[1.7650701999664307],['target'],participant 3,1,2025-10-01_19h59.40.349,untitled,,2025.1.1,59.85719272,2025-10-01 19h59.50.264654 +0530
91,0,91,[np.float64(-0.23875)],[np.float64(0.12375)],[1],[0],[0],2.3158733,['target'],91,0,91,0,174.7082861,,10,174.6786116,174.7082861,174.7082861,0.0324492,176.9945952,[np.float64(-0.23875)],[np.float64(0.12375)],[1],[0],[0],[2.315873300016392],['target'],participant 3,1,2025-10-01_19h59.40.349,untitled,,2025.1.1,59.85719272,2025-10-01 19h59.50.264654 +0530
92,0,92,[np.float64(0.3125)],[np.float64(0.095)],[1],[0],[0],1.3961691,['target'],92,0,92,0,177.0402165,,5,177.0143542,177.0402165,177.0402165,0.0195391,178.4105961,[np.float64(0.3125)],[np.float64(0.095)],[1],[0],[0],[1.3961691000149585],['target'],participant 3,1,2025-10-01_19h59.40.349,untitled,,2025.1.1,59.85719272,2025-10-01 19h59.50.264654 +0530
93,0,93,[np.float64(0.26)],[np.float64(0.41875)],[1],[0],[0],2.2528992,['target'],93,0,93,0,178.4732921,,10,178.4409955,178.4732921,178.4732921,0.0302544,180.6940035,[np.float64(0.26)],[np.float64(0.41875)],[1],[0],[0],[2.2528992000152357],['target'],participant 3,1,2025-10-01_19h59.40.349,untitled,,2025.1.1,59.85719272,2025-10-01 19h59.50.264654 +0530
94,0,94,[np.float64(-0.3275)],[np.float64(0.4175)],[1],[0],[0],1.7642366,['target'],94,0,94,0,180.7387136,,5,180.7115047,180.7387136,180.7387136,0.017284,182.4758817,[np.float64(-0.3275)],[np.float64(0.4175)],[1],[0],[0],[1.764236599963624],['target'],participant 3,1,2025-10-01_19h59.40.349,untitled,,2025.1.1,59.85719272,2025-10-01 19h59.50.264654 +0530
95,0,95,[np.float64(-0.015)],[np.float64(0.30875)],[1],[0],[0],1.3006486,['target'],95,0,95,0,182.538263,,10,182.5075143,182.538263,182.538263,0.0314367,183.8082677,[np.float64(-0.015)],[np.float64(0.30875)],[1],[0],[0],[1.3006485999794677],['target'],participant 3,1,2025-10-01_19h59.40.349,untitled,,2025.1.1,59.85719272,2025-10-01 19h59.50.264654 +0530
96,0,96,[np.float64(0.15125)],[np.float64(-0.21625)],[1],[0],[0],1.6133302,['target'],96,0,96,0,183.8543788,,5,183.8278713,183.8543788,183.8543788,0.019367,185.4413055,[np.float64(0.15125)],[np.float64(-0.21625)],[1],[0],[0],[1.6133302000234835],['target'],participant 3,1,2025-10-01_19h59.40.349,untitled,,2025.1.1,59.85719272,2025-10-01 19h59.50.264654 +0530
97,0,97,[np.float64(0.09125)],[np.float64(0.33375)],[1],[0],[0],2.2473483,['target'],97,0,97,0,185.5034269,,10,185.4751379,185.5034269,185.5034269,0.033614,187.7226132,[np.float64(0.09125)],[np.float64(0.33375)],[1],[0],[0],[2.2473482999484986],['target'],participant 3,1,2025-10-01_19h59.40.349,untitled,,2025.1.1,59.85719272,2025-10-01 19h59.50.264654 +0530
98,0,98,[np.float64(0.4)],[np.float64(-0.3125)],[1],[0],[0],2.0453023,['target'],98,0,98,0,187.769434,,5,187.7451649,187.769434,187.769434,0.02233,189.7905637,[np.float64(0.4)],[np.float64(-0.3125)],[1],[0],[0],[2.0453023000154644],['target'],participant 3,1,2025-10-01_19h59.40.349,untitled,,2025.1.1,59.85719272,2025-10-01 19h59.50.264654 +0530
99,0,99,[np.float64(-0.39125)],[np.float64(-0.4875)],[1],[0],[0],2.6133348,['target'],99,0,99,0,189.851787,,10,189.8244337,189.851787,189.851787,0.0337138,192.4378593,[np.float64(-0.39125)],[np.float64(-0.4875)],[1],[0],[0],[2.6133348000003025],['target'],participant 3,1,2025-10-01_19h59.40.349,untitled,,2025.1.1,59.85719272,2025-10-01 19h59.50.264654 +0530
100,0,100,[np.float64(0.1125)],[np.float64(0.35125)],[1],[0],[0],1.7503715,['target'],100,0,100,0,192.4835546,,10,192.4702263,192.4835546,192.4835546,0.0321537,194.2207056,[np.float64(0.1125)],[np.float64(0.35125)],[1],[0],[0],[1.750371499976609],['target'],participant 3,1,2025-10-01_19h59.40.349,untitled,,2025.1.1,59.85719272,2025-10-01 19h59.50.264654 +0530
101,0,101,[np.float64(0.37)],[np.float64(-0.21625)],[1],[0],[0],1.5860037,['target'],101,0,101,0,194.2664504,,10,194.2504303,194.2664504,194.2664504,0.0294081,195.8365711,[np.float64(0.37)],[np.float64(-0.21625)],[1],[0],[0],[1.5860036999802105],['target'],participant 3,1,2025-10-01_19h59.40.349,untitled,,2025.1.1,59.85719272,2025-10-01 19h59.50.264654 +0530
102,0,102,[np.float64(0.13375)],[np.float64(-0.19625)],[1],[0],[0],1.2311398,['target'],102,0,102,0,195.8990836,,10,195.871065,195.8990836,195.8990836,0.0342683,197.1023172,[np.float64(0.13375)],[np.float64(-0.19625)],[1],[0],[0],[1.2311397999874316],['target'],participant 3,1,2025-10-01_19h59.40.349,untitled,,2025.1.1,59.85719272,2025-10-01 19h59.50.264654 +0530
103,0,103,[np.float64(-0.44875)],[np.float64(-0.105)],[1],[0],[0],2.029647,[None],103,0,103,0,197.1649643,,10,197.1400385,197.1649643,197.1649643,0.0374376,199.1698071,[np.float64(-0.44875)],[np.float64(-0.105)],[1],[0],[0],[2.029647000017576],[None],participant 3,1,2025-10-01_19h59.40.349,untitled,,2025.1.1,59.85719272,2025-10-01 19h59.50.264654 +0530
104,0,104,[np.float64(0.23625)],[np.float64(0.11625)],[1],[0],[0],1.6771316,['target'],104,0,104,0,199.2145123,,5,199.1901174,199.2145123,199.2145123,0.0200272,200.8673269,[np.float64(0.23625)],[np.float64(0.11625)],[1],[0],[0],[1.6771316000376828],['target'],participant 3,1,2025-10-01_19h59.40.349,untitled,,2025.1.1,59.85719272,2025-10-01 19h59.50.264654 +0530
105,0,105,[np.float64(0.26375)],[np.float64(-0.295)],[1],[0],[0],1.3033211,['target'],105,0,105,0,200.9299841,,10,200.8979702,200.9299841,200.9299841,0.0305259,202.2013765,[np.float64(0.26375)],[np.float64(-0.295)],[1],[0],[0],[1.3033211000147276],['target'],participant 3,1,2025-10-01_19h59.40.349,untitled,,2025.1.1,59.85719272,2025-10-01 19h59.50.264654 +0530
106,0,106,[np.float64(0.055)],[np.float64(-0.48)],[1],[0],[0],1.6804974,['target'],106,0,106,0,202.2461292,,5,202.2191122,202.2461292,202.2461292,0.0175094,203.8996966,[np.float64(0.055)],[np.float64(-0.48)],[1],[0],[0],[1.6804973999969661],['target'],participant 3,1,2025-10-01_19h59.40.349,untitled,,2025.1.1,59.85719272,2025-10-01 19h59.50.264654 +0530
107,0,107,[np.float64(0.08375)],[np.float64(-0.46)],[1],[0],[0],1.6182445,['target'],107,0,107,0,203.9453651,,10,203.9305157,203.9453651,203.9453651,0.0306324,205.5488959,[np.float64(0.08375)],[np.float64(-0.46)],[1],[0],[0],[1.6182445000158623],['target'],participant 3,1,2025-10-01_19h59.40.349,untitled,,2025.1.1,59.85719272,2025-10-01 19h59.50.264654 +0530
108,0,108,[np.float64(0.27875)],[np.float64(0.25625)],[1],[0],[0],1.5361311,['target'],108,0,108,0,205.5947985,,10,205.5784628,205.5947985,205.5947985,0.029299,207.114706,[np.float64(0.27875)],[np.float64(0.25625)],[1],[0],[0],[1.536131100030616],['target'],participant 3,1,2025-10-01_19h59.40.349,untitled,,2025.1.1,59.85719272,2025-10-01 19h59.50.264654 +0530
109,0,109,[np.float64(-0.16625)],[np.float64(0.305)],[1],[0],[0],1.5124791,['target'],109,0,109,0,207.1776512,,10,207.1501286,207.1776512,207.1776512,0.035218,208.6626919,[np.float64(-0.16625)],[np.float64(0.305)],[1],[0],[0],[1.512479099968914],['target'],participant 3,1,2025-10-01_19h59.40.349,untitled,,2025.1.1,59.85719272,2025-10-01 19h59.50.264654 +0530
110,0,110,[np.float64(0.055)],[np.float64(-0.22125)],[1],[0],[0],1.4999783,['target'],110,0,110,0,208.6935402,,5,208.6798668,208.6935402,208.6935402,0.0170237,210.1799435,[np.float64(0.055)],[np.float64(-0.22125)],[1],[0],[0],[1.4999783000093885],['target'],participant 3,1,2025-10-01_19h59.40.349,untitled,,2025.1.1,59.85719272,2025-10-01 19h59.50.264654 +0530
111,0,111,[np.float64(0.1825)],[np.float64(0.115)],[1],[0],[0],1.2818778,['target'],111,0,111,0,210.2095119,,5,210.1983994,210.2095119,210.2095119,0.0182069,211.4803914,[np.float64(0.1825)],[np.float64(0.115)],[1],[0],[0],[1.2818778000073507],['target'],participant 3,1,2025-10-01_19h59.40.349,untitled,,2025.1.1,59.85719272,2025-10-01 19h59.50.264654 +0530
112,0,112,[np.float64(-0.255)],[np.float64(-0.13)],[1],[0],[0],2.535555,['target'],112,0,112,0,211.542438,,10,211.5113253,211.542438,211.542438,0.0307363,214.0469927,[np.float64(-0.255)],[np.float64(-0.13)],[1],[0],[0],[2.535555000009481],['target'],participant 3,1,2025-10-01_19h59.40.349,untitled,,2025.1.1,59.85719272,2025-10-01 19h59.50.264654 +0530
113,0,113,[np.float64(0.22625)],[np.float64(-0.07125)],[1],[0],[0],1.5508323,['target'],113,0,113,0,214.1077018,,10,214.0779247,214.1077018,214.1077018,0.0307212,215.6288872,[np.float64(0.22625)],[np.float64(-0.07125)],[1],[0],[0],[1.550832300039474],['target'],participant 3,1,2025-10-01_19h59.40.349,untitled,,2025.1.1,59.85719272,2025-10-01 19h59.50.264654 +0530
114,0,114,[np.float64(-0.27625)],[np.float64(-0.43875)],[1],[0],[0],1.9832557,['target'],114,0,114,0,215.6736153,,10,215.6591061,215.6736153,215.6736153,0.0299737,217.6425036,[np.float64(-0.27625)],[np.float64(-0.43875)],[1],[0],[0],[1.983255699975416],['target'],participant 3,1,2025-10-01_19h59.40.349,untitled,,2025.1.1,59.85719272,2025-10-01 19h59.50.264654 +0530
115,0,115,[np.float64(0.3875)],[np.float64(0.3825)],[1],[0],[0],1.6500089,['target'],115,0,115,0,217.6732367,,5,217.658962,217.6732367,217.6732367,0.0162102,219.309056,[np.float64(0.3875)],[np.float64(0.3825)],[1],[0],[0],[1.6500089000328444],['target'],participant 3,1,2025-10-01_19h59.40.349,untitled,,2025.1.1,59.85719272,2025-10-01 19h59.50.264654 +0530
116,0,116,[np.float64(-0.5075)],[np.float64(0.135)],[1],[0],[0],1.6653082,['target'],116,0,116,0,219.3389025,,5,219.3266622,219.3389025,219.3389025,0.0174715,220.9920769,[np.float64(-0.5075)],[np.float64(0.135)],[1],[0],[0],[1.6653081999975257],['target'],participant 3,1,2025-10-01_19h59.40.349,untitled,,2025.1.1,59.85719272,2025-10-01 19h59.50.264654 +0530
117,0,117,[np.float64(-0.42875)],[np.float64(-0.16875)],[1],[0],[0],3.5663994,['target'],117,0,117,0,221.0546854,,10,221.0245411,221.0546854,221.0546854,0.0322731,224.5910526,[np.float64(-0.42875)],[np.float64(-0.16875)],[1],[0],[0],[3.5663994000060484],['target'],participant 3,1,2025-10-01_19h59.40.349,untitled,,2025.1.1,59.85719272,2025-10-01 19h59.50.264654 +0530
118,0,118,[np.float64(0.01625)],[np.float64(0.31625)],[1],[0],[0],1.7142921,['target'],118,0,118,0,224.6200074,,5,224.6090024,224.6200074,224.6200074,0.0177082,226.3234012,[np.float64(0.01625)],[np.float64(0.31625)],[1],[0],[0],[1.7142920999904163],['target'],participant 3,1,2025-10-01_19h59.40.349,untitled,,2025.1.1,59.85719272,2025-10-01 19h59.50.264654 +0530
119,0,119,[np.float64(0.44)],[np.float64(-0.2025)],[1],[0],[0],1.8488848,[None],119,0,119,0,226.3856036,,10,226.3571226,226.3856036,226.3856036,0.0335178,228.2061224,[np.float64(0.44)],[np.float64(-0.2025)],[1],[0],[0],[1.8488847999833524],[None],participant 3,1,2025-10-01_19h59.40.349,untitled,,2025.1.1,59.85719272,2025-10-01 19h59.50.264654 +0530
120,0,120,[np.float64(-0.31875)],[np.float64(-0.08)],[1],[0],[0],1.5990063,['target'],120,0,120,0,228.2682208,,10,228.2391732,228.2682208,228.2682208,0.0328224,229.8382747,[np.float64(-0.31875)],[np.float64(-0.08)],[1],[0],[0],[1.5990063000353985],['target'],participant 3,1,2025-10-01_19h59.40.349,untitled,,2025.1.1,59.85719272,2025-10-01 19h59.50.264654 +0530
121,0,121,[np.float64(-0.20125)],[np.float64(-0.31125)],[1],[0],[0],2.3825064,['target'],121,0,121,0,229.9008669,,10,229.8703503,229.9008669,229.9008669,0.0318704,232.2529732,[np.float64(-0.20125)],[np.float64(-0.31125)],[1],[0],[0],[2.3825064000557177],['target'],participant 3,1,2025-10-01_19h59.40.349,untitled,,2025.1.1,59.85719272,2025-10-01 19h59.50.264654 +0530
122,0,122,[np.float64(-0.4925)],[np.float64(-0.0975)],[1],[0],[0],2.9249554,['target'],122,0,122,0,232.3164893,,10,232.2953941,232.3164893,232.3164893,0.0421942,235.2204538,[np.float64(-0.4925)],[np.float64(-0.0975)],[1],[0],[0],[2.924955399997998],['target'],participant 3,1,2025-10-01_19h59.40.349,untitled,,2025.1.1,59.85719272,2025-10-01 19h59.50.264654 +0530
123,0,123,[np.float64(-0.48625)],[np.float64(-0.38)],[1],[0],[0],1.561815,['target'],123,0,123,0,235.2653321,,5,235.2399087,235.2653321,235.2653321,0.0192094,236.8018294,[np.float64(-0.48625)],[np.float64(-0.38)],[1],[0],[0],[1.5618150000227615],['target'],participant 3,1,2025-10-01_19h59.40.349,untitled,,2025.1.1,59.85719272,2025-10-01 19h59.50.264654 +0530
124,0,124,[np.float64(0.15625)],[np.float64(-0.27875)],[1],[0],[0],1.8310237,[None],124,0,124,0,236.8645426,,10,236.8375154,236.8645426,236.8645426,0.035475,238.6686542,[np.float64(0.15625)],[np.float64(-0.27875)],[1],[0],[0],[1.8310237000114284],[None],participant 3,1,2025-10-01_19h59.40.349,untitled,,2025.1.1,59.85719272,2025-10-01 19h59.50.264654 +0530
125,0,125,[np.float64(-0.48)],[np.float64(-0.46875)],[1],[0],[0],2.7496722,['target'],125,0,125,0,238.7304754,,10,238.7015385,238.7304754,238.7304754,0.0326468,241.4513287,[np.float64(-0.48)],[np.float64(-0.46875)],[1],[0],[0],[2.7496722000068985],['target'],participant 3,1,2025-10-01_19h59.40.349,untitled,,2025.1.1,59.85719272,2025-10-01 19h59.50.264654 +0530
126,0,126,[np.float64(-0.11125)],[np.float64(-0.105)],[1],[0],[0],1.4455442,['target'],126,0,126,0,241.4956728,,5,241.4702823,241.4956728,241.4956728,0.0187172,242.915893,[np.float64(-0.11125)],[np.float64(-0.105)],[1],[0],[0],[1.4455442000180483],['target'],participant 3,1,2025-10-01_19h59.40.349,untitled,,2025.1.1,59.85719272,2025-10-01 19h59.50.264654 +0530
127,0,127,[np.float64(-0.095)],[np.float64(-0.335)],[1],[0],[0],1.1770005,['target'],127,0,127,0,242.9617245,,5,242.9388343,242.9617245,242.9617245,0.0228298,244.1159797,[np.float64(-0.095)],[np.float64(-0.335)],[1],[0],[0],[1.177000500028953],['target'],participant 3,1,2025-10-01_19h59.40.349,untitled,,2025.1.1,59.85719272,2025-10-01 19h59.50.264654 +0530
128,0,128,[np.float64(-0.36375)],[np.float64(0.3925)],[1],[0],[0],2.4277296,['target'],128,0,128,0,244.1616288,,5,244.1351147,244.1616288,244.1616288,0.0188808,246.5629242,[np.float64(-0.36375)],[np.float64(0.3925)],[1],[0],[0],[2.4277295999927446],['target'],participant 3,1,2025-10-01_19h59.40.349,untitled,,2025.1.1,59.85719272,2025-10-01 19h59.50.264654 +0530
129,0,129,[np.float64(-0.48)],[np.float64(0.12625)],[1],[0],[0],1.715482,['target'],129,0,129,0,246.6270201,,10,246.5980463,246.6270201,246.6270201,0.0349691,248.3135955,[np.float64(-0.48)],[np.float64(0.12625)],[1],[0],[0],[1.7154819999705069],['target'],participant 3,1,2025-10-01_19h59.40.349,untitled,,2025.1.1,59.85719272,2025-10-01 19h59.50.264654 +0530
130,0,130,[np.float64(0.41375)],[np.float64(0.2)],[1],[0],[0],2.5523876,['target'],130,0,130,0,248.359653,,10,248.3455359,248.359653,248.359653,0.0317956,250.8980384,[np.float64(0.41375)],[np.float64(0.2)],[1],[0],[0],[2.5523876000079326],['target'],participant 3,1,2025-10-01_19h59.40.349,untitled,,2025.1.1,59.85719272,2025-10-01 19h59.50.264654 +0530
131,0,131,[np.float64(-0.34375)],[np.float64(-0.41125)],[1],[0],[0],1.46458,[None],131,0,131,0,250.9253503,,5,250.9140264,250.9253503,250.9253503,0.0157267,252.3787575,[np.float64(-0.34375)],[np.float64(-0.41125)],[1],[0],[0],[1.4645799999707378],[None],participant 3,1,2025-10-01_19h59.40.349,untitled,,2025.1.1,59.85719272,2025-10-01 19h59.50.264654 +0530
132,0,132,[np.float64(-0.475)],[np.float64(-0.39625)],[1],[0],[0],1.4810286,['target'],132,0,132,0,252.4077416,,5,252.3965277,252.4077416,252.4077416,0.0175709,253.8776923,[np.float64(-0.475)],[np.float64(-0.39625)],[1],[0],[0],[1.4810286000138149],['target'],participant 3,1,2025-10-01_19h59.40.349,untitled,,2025.1.1,59.85719272,2025-10-01 19h59.50.264654 +0530
133,0,133,[np.float64(-0.4075)],[np.float64(0.05875)],[1],[0],[0],1.6259667,['target'],133,0,133,0,253.9239031,,5,253.8998422,253.9239031,253.9239031,0.0218247,255.525899,[np.float64(-0.4075)],[np.float64(0.05875)],[1],[0],[0],[1.6259666999685578],['target'],participant 3,1,2025-10-01_19h59.40.349,untitled,,2025.1.1,59.85719272,2025-10-01 19h59.50.264654 +0530
134,0,134,[np.float64(0.39125)],[np.float64(0.46125)],[1],[0],[0],1.902399,['target'],134,0,134,0,255.5730971,,10,255.5563121,255.5730971,255.5730971,0.0302959,257.4588165,[np.float64(0.39125)],[np.float64(0.46125)],[1],[0],[0],[1.9023990000132471],['target'],participant 3,1,2025-10-01_19h59.40.349,untitled,,2025.1.1,59.85719272,2025-10-01 19h59.50.264654 +0530
135,0,135,[np.float64(-0.18125)],[np.float64(-0.33375)],[1],[0],[0],1.9355264,['target'],135,0,135,0,257.5057706,,10,257.4906101,257.5057706,257.5057706,0.0315571,259.4262782,[np.float64(-0.18125)],[np.float64(-0.33375)],[1],[0],[0],[1.9355263999896124],['target'],participant 3,1,2025-10-01_19h59.40.349,untitled,,2025.1.1,59.85719272,2025-10-01 19h59.50.264654 +0530
136,0,136,[np.float64(-0.27875)],[np.float64(-0.03375)],[1],[0],[0],1.4645117,['target'],136,0,136,0,259.4884581,,10,259.4604449,259.4884581,259.4884581,0.0339481,260.9250721,[np.float64(-0.27875)],[np.float64(-0.03375)],[1],[0],[0],[1.464511699974537],['target'],participant 3,1,2025-10-01_19h59.40.349,untitled,,2025.1.1,59.85719272,2025-10-01 19h59.50.264654 +0530
137,0,137,[np.float64(0.49125)],[np.float64(0.415)],[1],[0],[0],2.0646616,['target'],137,0,137,0,260.9710907,,5,260.9438618,260.9710907,260.9710907,0.0185437,263.0086776,[np.float64(0.49125)],[np.float64(0.415)],[1],[0],[0],[2.0646616000449285],['target'],participant 3,1,2025-10-01_19h59.40.349,untitled,,2025.1.1,59.85719272,2025-10-01 19h59.50.264654 +0530
138,0,138,[np.float64(-0.07125)],[np.float64(0.09875)],[1],[0],[0],1.378294,['target'],138,0,138,0,263.0534797,,5,263.0284543,263.0534797,263.0534797,0.0195788,264.4069723,[np.float64(-0.07125)],[np.float64(0.09875)],[1],[0],[0],[1.3782939999946393],['target'],participant 3,1,2025-10-01_19h59.40.349,untitled,,2025.1.1,59.85719272,2025-10-01 19h59.50.264654 +0530
139,0,139,[np.float64(-0.32375)],[np.float64(0.21375)],[1],[0],[0],1.5696506,['target'],139,0,139,0,264.4528683,,10,264.4354982,264.4528683,264.4528683,0.0283177,266.0052405,[np.float64(-0.32375)],[np.float64(0.21375)],[1],[0],[0],[1.5696506000240333],['target'],participant 3,1,2025-10-01_19h59.40.349,untitled,,2025.1.1,59.85719272,2025-10-01 19h59.50.264654 +0530
140,0,140,[np.float64(0.45375)],[np.float64(0.12875)],[1],[0],[0],2.1537707,['target'],140,0,140,0,266.0521694,,10,266.0362009,266.0521694,266.0521694,0.0308059,268.190129,[np.float64(0.45375)],[np.float64(0.12875)],[1],[0],[0],[2.1537706999806687],['target'],participant 3,1,2025-10-01_19h59.40.349,untitled,,2025.1.1,59.85719272,2025-10-01 19h59.50.264654 +0530
141,0,141,[np.float64(-0.38125)],[np.float64(-0.06875)],[1],[0],[0],1.2951063,['target'],141,0,141,0,268.234412,,5,268.2082388,268.234412,268.234412,0.0178666,269.5034583,[np.float64(-0.38125)],[np.float64(-0.06875)],[1],[0],[0],[1.295106300036423],['target'],participant 3,1,2025-10-01_19h59.40.349,untitled,,2025.1.1,59.85719272,2025-10-01 19h59.50.264654 +0530
142,0,142,[np.float64(-0.3925)],[np.float64(0.16625)],[1],[0],[0],1.1464646,['target'],142,0,142,0,269.5503874,,5,269.5229119,269.5503874,269.5503874,0.019309,270.6694534,[np.float64(-0.3925)],[np.float64(0.16625)],[1],[0],[0],[1.1464645999949425],['target'],participant 3,1,2025-10-01_19h59.40.349,untitled,,2025.1.1,59.85719272,2025-10-01 19h59.50.264654 +0530
143,0,143,[np.float64(0.185)],[np.float64(-0.33375)],[1],[0],[0],1.8510752,['target'],143,0,143,0,270.7001519,,5,270.6853866,270.7001519,270.7001519,0.0158233,272.5366154,[np.float64(0.185)],[np.float64(-0.33375)],[1],[0],[0],[1.8510752000147477],['target'],participant 3,1,2025-10-01_19h59.40.349,untitled,,2025.1.1,59.85719272,2025-10-01 19h59.50.264654 +0530
144,0,144,[np.float64(0.2375)],[np.float64(0.4875)],[1],[0],[0],4.6133146,['target'],144,0,144,0,272.5991012,,10,272.5719053,272.5991012,272.5991012,0.0350811,277.1853301,[np.float64(0.2375)],[np.float64(0.4875)],[1],[0],[0],[4.613314600021113],['target'],participant 3,1,2025-10-01_19h59.40.349,untitled,,2025.1.1,59.85719272,2025-10-01 19h59.50.264654 +0530
145,0,145,[np.float64(-0.4225)],[np.float64(-0.11125)],[1],[0],[0],1.2799475,[None],145,0,145,0,277.21395,,5,277.2039213,277.21395,277.21395,0.0183483,278.4839983,[np.float64(-0.4225)],[np.float64(-0.11125)],[1],[0],[0],[1.2799475000356324],[None],participant 3,1,2025-10-01_19h59.40.349,untitled,,2025.1.1,59.85719272,2025-10-01 19h59.50.264654 +0530
146,0,146,[np.float64(-0.1675)],[np.float64(-0.15375)],[1],[0],[0],1.2813342,[None],146,0,146,0,278.5298171,,5,278.5023566,278.5298171,278.5298171,0.0181626,279.7837679,[np.float64(-0.1675)],[np.float64(-0.15375)],[1],[0],[0],[1.281334200000856],[None],participant 3,1,2025-10-01_19h59.40.349,untitled,,2025.1.1,59.85719272,2025-10-01 19h59.50.264654 +0530
147,0,147,[np.float64(0.26875)],[np.float64(0.00625)],[1],[0],[0],1.6701678,['target'],147,0,147,0,279.8624901,,10,279.8297581,279.8624901,279.8624901,0.0458756,281.5000385,[np.float64(0.26875)],[np.float64(0.00625)],[1],[0],[0],[1.6701677999808453],['target'],participant 3,1,2025-10-01_19h59.40.349,untitled,,2025.1.1,59.85719272,2025-10-01 19h59.50.264654 +0530
148,0,148,[np.float64(-0.025)],[np.float64(-0.4075)],[1],[0],[0],1.8454459,['target'],148,0,148,0,281.5452897,,5,281.5207292,281.5452897,281.5452897,0.0204957,283.3662886,[np.float64(-0.025)],[np.float64(-0.4075)],[1],[0],[0],[1.8454458999913186],['target'],participant 3,1,2025-10-01_19h59.40.349,untitled,,2025.1.1,59.85719272,2025-10-01 19h59.50.264654 +0530
149,0,149,[np.float64(-0.22875)],[np.float64(0.0125)],[1],[0],[0],1.4920958,[None],149,0,149,0,283.4280478,,10,283.405887,283.4280478,283.4280478,0.0394073,284.8980687,[np.float64(-0.22875)],[np.float64(0.0125)],[1],[0],[0],[1.4920958000002429],[None],participant 3,1,2025-10-01_19h59.40.349,untitled,,2025.1.1,59.85719272,2025-10-01 19h59.50.264654 +0530
150,0,150,[np.float64(-0.04125)],[np.float64(0.08)],[1],[0],[0],1.1965035,['target'],150,0,150,0,284.9439895,,5,284.9189722,284.9439895,284.9439895,0.0203172,286.1155807,[np.float64(-0.04125)],[np.float64(0.08)],[1],[0],[0],[1.1965034999884665],['target'],participant 3,1,2025-10-01_19h59.40.349,untitled,,2025.1.1,59.85719272,2025-10-01 19h59.50.264654 +0530
151,0,151,[np.float64(-0.295)],[np.float64(-0.3)],[1],[0],[0],2.1501093,['target'],151,0,151,0,286.1433105,,5,286.1302769,286.1433105,286.1433105,0.0145207,288.2805007,[np.float64(-0.295)],[np.float64(-0.3)],[1],[0],[0],[2.1501092999824323],['target'],participant 3,1,2025-10-01_19h59.40.349,untitled,,2025.1.1,59.85719272,2025-10-01 19h59.50.264654 +0530
152,0,152,[np.float64(-0.14625)],[np.float64(-0.4375)],[1],[0],[0],1.810301,['target'],152,0,152,0,288.3260754,,5,288.3019688,288.3260754,288.3260754,0.0212445,290.1123895,[np.float64(-0.14625)],[np.float64(-0.4375)],[1],[0],[0],[1.8103010000195354],['target'],participant 3,1,2025-10-01_19h59.40.349,untitled,,2025.1.1,59.85719272,2025-10-01 19h59.50.264654 +0530
153,0,153,[np.float64(-0.485)],[np.float64(0.3)],[1],[0],[0],2.3299695,['target'],153,0,153,0,290.1754505,,10,290.1469943,290.1754505,290.1754505,0.0344247,292.4770812,[np.float64(-0.485)],[np.float64(0.3)],[1],[0],[0],[2.3299695000168867],['target'],participant 3,1,2025-10-01_19h59.40.349,untitled,,2025.1.1,59.85719272,2025-10-01 19h59.50.264654 +0530
154,0,154,[np.float64(0.15875)],[np.float64(0.38625)],[1],[0],[0],1.8087348,['target'],154,0,154,0,292.5241999,,5,292.5001754,292.5241999,292.5241999,0.0228168,294.3089763,[np.float64(0.15875)],[np.float64(0.38625)],[1],[0],[0],[1.8087348000262864],['target'],participant 3,1,2025-10-01_19h59.40.349,untitled,,2025.1.1,59.85719272,2025-10-01 19h59.50.264654 +0530
155,0,155,[np.float64(0.4325)],[np.float64(-0.40125)],[1],[0],[0],2.3556437,['target'],155,0,155,0,294.3563131,,10,294.3366685,294.3563131,294.3563131,0.0276018,296.6924203,[np.float64(0.4325)],[np.float64(-0.40125)],[1],[0],[0],[2.3556436999933794],['target'],participant 3,1,2025-10-01_19h59.40.349,untitled,,2025.1.1,59.85719272,2025-10-01 19h59.50.264654 +0530
156,0,156,[np.float64(-0.275)],[np.float64(0.0275)],[1],[0],[0],1.4886223,['target'],156,0,156,0,296.7385917,,10,296.7206276,296.7385917,296.7385917,0.0279646,298.2093301,[np.float64(-0.275)],[np.float64(0.0275)],[1],[0],[0],[1.4886222999775782],['target'],participant 3,1,2025-10-01_19h59.40.349,untitled,,2025.1.1,59.85719272,2025-10-01 19h59.50.264654 +0530
157,0,157,[np.float64(-0.4725)],[np.float64(-0.0425)],[1],[0],[0],1.4706908,['target'],157,0,157,0,298.2547691,,10,298.2373085,298.2547691,298.2547691,0.027829,299.7081963,[np.float64(-0.4725)],[np.float64(-0.0425)],[1],[0],[0],[1.4706907999934629],['target'],participant 3,1,2025-10-01_19h59.40.349,untitled,,2025.1.1,59.85719272,2025-10-01 19h59.50.264654 +0530
158,0,158,[np.float64(0.43875)],[np.float64(0.37875)],[1],[0],[0],1.7021929,['target'],158,0,158,0,299.7539261,,10,299.7380939,299.7539261,299.7539261,0.0296305,301.4403967,[np.float64(0.43875)],[np.float64(0.37875)],[1],[0],[0],[1.7021929000038654],['target'],participant 3,1,2025-10-01_19h59.40.349,untitled,,2025.1.1,59.85719272,2025-10-01 19h59.50.264654 +0530
159,0,159,[np.float64(0.345)],[np.float64(0.4425)],[1],[0],[0],1.5185323,['target'],159,0,159,0,301.4866154,,10,301.4719679,301.4866154,301.4866154,0.0313162,302.9906222,[np.float64(0.345)],[np.float64(0.4425)],[1],[0],[0],[1.5185323000187054],['target'],participant 3,1,2025-10-01_19h59.40.349,untitled,,2025.1.1,59.85719272,2025-10-01 19h59.50.264654 +0530
160,0,160,[np.float64(-0.37)],[np.float64(0.3)],[1],[0],[0],1.9361362,['target'],160,0,160,0,303.0358573,,10,303.0200758,303.0358573,303.0358573,0.0292351,304.9562974,[np.float64(-0.37)],[np.float64(0.3)],[1],[0],[0],[1.9361361999763176],['target'],participant 3,1,2025-10-01_19h59.40.349,untitled,,2025.1.1,59.85719272,2025-10-01 19h59.50.264654 +0530
161,0,161,[np.float64(0.29)],[np.float64(-0.00625)],[1],[0],[0],1.9701516,['target'],161,0,161,0,305.0016915,,10,304.9858003,305.0016915,305.0016915,0.0293089,306.9560745,[np.float64(0.29)],[np.float64(-0.00625)],[1],[0],[0],[1.9701515999622643],['target'],participant 3,1,2025-10-01_19h59.40.349,untitled,,2025.1.1,59.85719272,2025-10-01 19h59.50.264654 +0530
162,0,162,[np.float64(-0.30375)],[np.float64(0.48375)],[1],[0],[0],1.7980293,['target'],162,0,162,0,306.9843628,,5,306.9727907,306.9843628,306.9843628,0.0164558,308.7709644,[np.float64(-0.30375)],[np.float64(0.48375)],[1],[0],[0],[1.798029300000053],['target'],participant 3,1,2025-10-01_19h59.40.349,untitled,,2025.1.1,59.85719272,2025-10-01 19h59.50.264654 +0530
163,0,163,[np.float64(-0.39)],[np.float64(0.0175)],[1],[0],[0],1.886118,[None],163,0,163,0,308.8168314,,10,308.801037,308.8168314,308.8168314,0.0298343,310.6872488,[np.float64(-0.39)],[np.float64(0.0175)],[1],[0],[0],[1.8861179999657907],[None],participant 3,1,2025-10-01_19h59.40.349,untitled,,2025.1.1,59.85719272,2025-10-01 19h59.50.264654 +0530
164,0,164,[np.float64(-0.2175)],[np.float64(-0.365)],[1],[0],[0],1.6810502,['target'],164,0,164,0,310.7161562,,5,310.7047923,310.7161562,310.7161562,0.0173855,312.3859051,[np.float64(-0.2175)],[np.float64(-0.365)],[1],[0],[0],[1.6810501999570988],['target'],participant 3,1,2025-10-01_19h59.40.349,untitled,,2025.1.1,59.85719272,2025-10-01 19h59.50.264654 +0530
165,0,165,[np.float64(-0.23)],[np.float64(0.1675)],[1],[0],[0],1.6190268,['target'],165,0,165,0,312.4319624,,10,312.4144815,312.4319624,312.4319624,0.02844,314.0335937,[np.float64(-0.23)],[np.float64(0.1675)],[1],[0],[0],[1.6190267999772914],['target'],participant 3,1,2025-10-01_19h59.40.349,untitled,,2025.1.1,59.85719272,2025-10-01 19h59.50.264654 +0530
166,0,166,[np.float64(0.31125)],[np.float64(-0.2875)],[1],[0],[0],2.4013476,['target'],166,0,166,0,314.064618,,5,314.0479462,314.064618,314.064618,0.014185,316.4493976,[np.float64(0.31125)],[np.float64(-0.2875)],[1],[0],[0],[2.401347600040026],['target'],participant 3,1,2025-10-01_19h59.40.349,untitled,,2025.1.1,59.85719272,2025-10-01 19h59.50.264654 +0530
167,0,167,[np.float64(-0.2625)],[np.float64(-0.18625)],[1],[0],[0],2.0043089,['target'],167,0,167,0,316.4968407,,10,316.4789895,316.4968407,316.4968407,0.0294642,318.4834165,[np.float64(-0.2625)],[np.float64(-0.18625)],[1],[0],[0],[2.0043088999809697],['target'],participant 3,1,2025-10-01_19h59.40.349,untitled,,2025.1.1,59.85719272,2025-10-01 19h59.50.264654 +0530
168,0,168,[np.float64(0.36375)],[np.float64(0.01125)],[1],[0],[0],1.5230594,['target'],168,0,168,0,318.5628321,,10,318.5436465,318.5628321,318.5628321,0.0598967,320.0668173,[np.float64(0.36375)],[np.float64(0.01125)],[1],[0],[0],[1.5230593999731354],['target'],participant 3,1,2025-10-01_19h59.40.349,untitled,,2025.1.1,59.85719272,2025-10-01 19h59.50.264654 +0530
169,0,169,[np.float64(-0.13875)],[np.float64(-0.3975)],[1],[0],[0],1.5121393,['target'],169,0,169,0,320.1124938,,5,320.0901612,320.1124938,320.1124938,0.0231322,321.6025055,[np.float64(-0.13875)],[np.float64(-0.3975)],[1],[0],[0],[1.5121393000008538],['target'],participant 3,1,2025-10-01_19h59.40.349,untitled,,2025.1.1,59.85719272,2025-10-01 19h59.50.264654 +0530
170,0,170,[np.float64(-0.44875)],[np.float64(-0.28625)],[1],[0],[0],1.1633331,[None],170,0,170,0,321.6613962,,5,321.6394862,321.6613962,321.6613962,0.0366467,322.8029058,[np.float64(-0.44875)],[np.float64(-0.28625)],[1],[0],[0],[1.1633330999757163],[None],participant 3,1,2025-10-01_19h59.40.349,untitled,,2025.1.1,59.85719272,2025-10-01 19h59.50.264654 +0530
171,0,171,[np.float64(0.38125)],[np.float64(0.01625)],[1],[0],[0],1.6724098,['target'],171,0,171,0,322.8447233,,5,322.8256303,322.8447233,322.8447233,0.0225315,324.4982363,[np.float64(0.38125)],[np.float64(0.01625)],[1],[0],[0],[1.6724097999976948],['target'],participant 3,1,2025-10-01_19h59.40.349,untitled,,2025.1.1,59.85719272,2025-10-01 19h59.50.264654 +0530
172,0,172,[np.float64(-0.445)],[np.float64(0.1225)],[1],[0],[0],1.8436404,['target'],172,0,172,0,324.5937356,,10,324.5686503,324.5937356,324.5937356,0.0700486,326.4123804,[np.float64(-0.445)],[np.float64(0.1225)],[1],[0],[0],[1.8436404000385664],['target'],participant 3,1,2025-10-01_19h59.40.349,untitled,,2025.1.1,59.85719272,2025-10-01 19h59.50.264654 +0530
173,0,173,[np.float64(0.2325)],[np.float64(-0.14)],[1],[0],[0],3.0201895,['target'],173,0,173,0,326.4430123,,5,326.4277071,326.4430123,326.4430123,0.0151195,329.4479954,[np.float64(0.2325)],[np.float64(-0.14)],[1],[0],[0],[3.0201894999481738],['target'],participant 3,1,2025-10-01_19h59.40.349,untitled,,2025.1.1,59.85719272,2025-10-01 19h59.50.264654 +0530
174,0,174,[np.float64(-0.3525)],[np.float64(0.36375)],[1],[0],[0],2.2619741,['target'],174,0,174,0,329.5079486,,10,329.4825232,329.5079486,329.5079486,0.0343107,331.7445825,[np.float64(-0.3525)],[np.float64(0.36375)],[1],[0],[0],[2.261974100023508],['target'],participant 3,1,2025-10-01_19h59.40.349,untitled,,2025.1.1,59.85719272,2025-10-01 19h59.50.264654 +0530
175,0,175,[np.float64(-0.14125)],[np.float64(0.0775)],[1],[0],[0],1.5514293,['target'],175,0,175,0,331.7903201,,10,331.7759833,331.7903201,331.7903201,0.0312259,333.3275096,[np.float64(-0.14125)],[np.float64(0.0775)],[1],[0],[0],[1.5514292999869213],['target'],participant 3,1,2025-10-01_19h59.40.349,untitled,,2025.1.1,59.85719272,2025-10-01 19h59.50.264654 +0530
176,0,176,[np.float64(0.3325)],[np.float64(-0.23625)],[1],[0],[0],2.4467097,['target'],176,0,176,0,333.3899651,,10,333.3627986,333.3899651,333.3899651,0.0350241,335.8096166,[np.float64(0.3325)],[np.float64(-0.23625)],[1],[0],[0],[2.446709700045176],['target'],participant 3,1,2025-10-01_19h59.40.349,untitled,,2025.1.1,59.85719272,2025-10-01 19h59.50.264654 +0530
177,0,177,[np.float64(-0.48)],[np.float64(-0.02125)],[1],[0],[0],2.6013136,['target'],177,0,177,0,335.8551376,,10,335.8397782,335.8551376,335.8551376,0.0299163,338.4411918,[np.float64(-0.48)],[np.float64(-0.02125)],[1],[0],[0],[2.6013135999673977],['target'],participant 3,1,2025-10-01_19h59.40.349,untitled,,2025.1.1,59.85719272,2025-10-01 19h59.50.264654 +0530
178,0,178,[np.float64(0.3475)],[np.float64(0.0)],[1],[0],[0],3.5514459,['target'],178,0,178,0,338.5041542,,10,338.4729766,338.5041542,338.5041542,0.0315171,342.0245262,[np.float64(0.3475)],[np.float64(0.0)],[1],[0],[0],[3.5514458999969065],['target'],participant 3,1,2025-10-01_19h59.40.349,untitled,,2025.1.1,59.85719272,2025-10-01 19h59.50.264654 +0530
179,0,179,[np.float64(-0.0875)],[np.float64(-0.38625)],[1],[0],[0],2.686327,['target'],179,0,179,0,342.0694913,,10,342.052846,342.0694913,342.0694913,0.0281068,344.739346,[np.float64(-0.0875)],[np.float64(-0.38625)],[1],[0],[0],[2.6863269999739714],['target'],participant 3,1,2025-10-01_19h59.40.349,untitled,,2025.1.1,59.85719272,2025-10-01 19h59.50.264654 +0530
180,0,180,[np.float64(-0.1825)],[np.float64(-0.46125)],[1],[0],[0],1.199735,['target'],180,0,180,0,344.7679512,,5,344.7559764,344.7679512,344.7679512,0.0164164,345.9558215,[np.float64(-0.1825)],[np.float64(-0.46125)],[1],[0],[0],[1.199735000031069],['target'],participant 3,1,2025-10-01_19h59.40.349,untitled,,2025.1.1,59.85719272,2025-10-01 19h59.50.264654 +0530
181,0,181,[np.float64(-0.0175)],[np.float64(-0.2825)],[1],[0],[0],1.1328321,['target'],181,0,181,0,346.0175305,,10,345.9886165,346.0175305,346.0175305,0.0325648,347.121585,[np.float64(-0.0175)],[np.float64(-0.2825)],[1],[0],[0],[1.132832099974621],['target'],participant 3,1,2025-10-01_19h59.40.349,untitled,,2025.1.1,59.85719272,2025-10-01 19h59.50.264654 +0530
182,0,182,[np.float64(0.07875)],[np.float64(0.18375)],[1],[0],[0],1.3497783,['target'],182,0,182,0,347.1504172,,5,347.137482,347.1504172,347.1504172,0.0156304,348.4873729,[np.float64(0.07875)],[np.float64(0.18375)],[1],[0],[0],[1.349778299976606],['target'],participant 3,1,2025-10-01_19h59.40.349,untitled,,2025.1.1,59.85719272,2025-10-01 19h59.50.264654 +0530
183,0,183,[np.float64(0.365)],[np.float64(0.04125)],[1],[0],[0],1.8809962,['target'],183,0,183,0,348.516412,,5,348.5054888,348.516412,348.516412,0.0179215,350.3866244,[np.float64(0.365)],[np.float64(0.04125)],[1],[0],[0],[1.880996200023219],['target'],participant 3,1,2025-10-01_19h59.40.349,untitled,,2025.1.1,59.85719272,2025-10-01 19h59.50.264654 +0530
184,0,184,[np.float64(0.27375)],[np.float64(0.14625)],[1],[0],[0],1.3658261,['target'],184,0,184,0,350.4155469,,5,350.4027517,350.4155469,350.4155469,0.0158895,351.7686861,[np.float64(0.27375)],[np.float64(0.14625)],[1],[0],[0],[1.3658260999945924],['target'],participant 3,1,2025-10-01_19h59.40.349,untitled,,2025.1.1,59.85719272,2025-10-01 19h59.50.264654 +0530
185,0,185,[np.float64(-0.15)],[np.float64(-0.3175)],[1],[0],[0],2.2993268,['target'],185,0,185,0,351.7982676,,5,351.7849802,351.7982676,351.7982676,0.0160824,354.0844103,[np.float64(-0.15)],[np.float64(-0.3175)],[1],[0],[0],[2.2993267999845557],['target'],participant 3,1,2025-10-01_19h59.40.349,untitled,,2025.1.1,59.85719272,2025-10-01 19h59.50.264654 +0530
186,0,186,[np.float64(0.085)],[np.float64(0.27625)],[1],[0],[0],1.4670623,['target'],186,0,186,0,354.1138835,,5,354.1012868,354.1138835,354.1138835,0.0167018,355.5684967,[np.float64(0.085)],[np.float64(0.27625)],[1],[0],[0],[1.4670623000129126],['target'],participant 3,1,2025-10-01_19h59.40.349,untitled,,2025.1.1,59.85719272,2025-10-01 19h59.50.264654 +0530
187,0,187,[np.float64(0.2125)],[np.float64(-0.08875)],[1],[0],[0],2.224693,['target'],187,0,187,0,355.6136814,,5,355.5913617,355.6136814,355.6136814,0.0226561,357.8161744,[np.float64(0.2125)],[np.float64(-0.08875)],[1],[0],[0],[2.2246930000255816],['target'],participant 3,1,2025-10-01_19h59.40.349,untitled,,2025.1.1,59.85719272,2025-10-01 19h59.50.264654 +0530
188,0,188,[np.float64(-0.26125)],[np.float64(-0.1375)],[1],[0],[0],1.4831465,['target'],188,0,188,0,357.8457149,,5,357.8325873,357.8457149,357.8457149,0.0162148,359.3158555,[np.float64(-0.26125)],[np.float64(-0.1375)],[1],[0],[0],[1.4831465000170283],['target'],participant 3,1,2025-10-01_19h59.40.349,untitled,,2025.1.1,59.85719272,2025-10-01 19h59.50.264654 +0530
189,0,189,[np.float64(-0.38)],[np.float64(0.38875)],[1],[0],[0],1.7479554,['target'],189,0,189,0,359.3449711,,5,359.3330181,359.3449711,359.3449711,0.0169493,361.0810512,[np.float64(-0.38)],[np.float64(0.38875)],[1],[0],[0],[1.74795540003106],['target'],participant 3,1,2025-10-01_19h59.40.349,untitled,,2025.1.1,59.85719272,2025-10-01 19h59.50.264654 +0530
190,0,190,[np.float64(-0.12)],[np.float64(0.27375)],[1],[0],[0],1.4066276,['target'],190,0,190,0,361.1275274,,10,361.1076873,361.1275274,361.1275274,0.0265189,362.5144308,[np.float64(-0.12)],[np.float64(0.27375)],[1],[0],[0],[1.4066275999648497],['target'],participant 3,1,2025-10-01_19h59.40.349,untitled,,2025.1.1,59.85719272,2025-10-01 19h59.50.264654 +0530
191,0,191,[np.float64(-0.295)],[np.float64(0.05375)],[1],[0],[0],1.9706936,['target'],191,0,191,0,362.560421,,10,362.5427744,362.560421,362.560421,0.0281258,364.5135608,[np.float64(-0.295)],[np.float64(0.05375)],[1],[0],[0],[1.9706936000147834],['target'],participant 3,1,2025-10-01_19h59.40.349,untitled,,2025.1.1,59.85719272,2025-10-01 19h59.50.264654 +0530
192,0,192,[np.float64(0.2025)],[np.float64(-0.00625)],[1],[0],[0],1.1673015,['target'],192,0,192,0,364.5428334,,5,364.5286169,364.5428334,364.5428334,0.0148421,365.6960242,[np.float64(0.2025)],[np.float64(-0.00625)],[1],[0],[0],[1.1673015000415035],['target'],participant 3,1,2025-10-01_19h59.40.349,untitled,,2025.1.1,59.85719272,2025-10-01 19h59.50.264654 +0530
193,0,193,[np.float64(-0.39)],[np.float64(0.2)],[1],[0],[0],1.3642378,['target'],193,0,193,0,365.7254745,,5,365.7148315,365.7254745,365.7254745,0.0185828,367.079155,[np.float64(-0.39)],[np.float64(0.2)],[1],[0],[0],[1.364237800007686],['target'],participant 3,1,2025-10-01_19h59.40.349,untitled,,2025.1.1,59.85719272,2025-10-01 19h59.50.264654 +0530
194,0,194,[np.float64(-0.07375)],[np.float64(0.39375)],[1],[0],[0],1.2513723,['target'],194,0,194,0,367.1415783,,10,367.1098746,367.1415783,367.1415783,0.0305054,368.3613485,[np.float64(-0.07375)],[np.float64(0.39375)],[1],[0],[0],[1.2513722999719903],['target'],participant 3,1,2025-10-01_19h59.40.349,untitled,,2025.1.1,59.85719272,2025-10-01 19h59.50.264654 +0530
195,0,195,[np.float64(0.4625)],[np.float64(0.405)],[1],[0],[0],1.8823673,['target'],195,0,195,0,368.3912566,,5,368.3788665,368.3912566,368.3912566,0.0172938,370.2613418,[np.float64(0.4625)],[np.float64(0.405)],[1],[0],[0],[1.8823672999860719],['target'],participant 3,1,2025-10-01_19h59.40.349,untitled,,2025.1.1,59.85719272,2025-10-01 19h59.50.264654 +0530
196,0,196,[np.float64(0.27125)],[np.float64(-0.005)],[1],[0],[0],1.8000024,['target'],196,0,196,0,370.2903646,,5,370.2774499,370.2903646,370.2903646,0.0159273,372.077623,[np.float64(0.27125)],[np.float64(-0.005)],[1],[0],[0],[1.8000024000066333],['target'],participant 3,1,2025-10-01_19h59.40.349,untitled,,2025.1.1,59.85719272,2025-10-01 19h59.50.264654 +0530
197,0,197,[np.float64(-0.2925)],[np.float64(-0.2525)],[1],[0],[0],2.1515213,['target'],197,0,197,0,372.1230128,,10,372.107374,372.1230128,372.1230128,0.0295421,374.2590461,[np.float64(-0.2925)],[np.float64(-0.2525)],[1],[0],[0],[2.1515212999656796],['target'],participant 3,1,2025-10-01_19h59.40.349,untitled,,2025.1.1,59.85719272,2025-10-01 19h59.50.264654 +0530
198,0,198,[np.float64(-0.32)],[np.float64(0.1725)],[1],[0],[0],2.164193,['target'],198,0,198,0,374.2886533,,5,374.2774764,374.2886533,374.2886533,0.0180948,376.441777,[np.float64(-0.32)],[np.float64(0.1725)],[1],[0],[0],[2.164193000004161],['target'],participant 3,1,2025-10-01_19h59.40.349,untitled,,2025.1.1,59.85719272,2025-10-01 19h59.50.264654 +0530
199,0,199,[np.float64(0.00125)],[np.float64(0.1325)],[1],[0],[0],1.2326773,['target'],199,0,199,0,376.5042487,,10,376.4749332,376.5042487,376.5042487,0.0329865,377.7077257,[np.float64(0.00125)],[np.float64(0.1325)],[1],[0],[0],[1.2326772999949753],['target'],participant 3,1,2025-10-01_19h59.40.349,untitled,,2025.1.1,59.85719272,2025-10-01 19h59.50.264654 +0530
,,,,,,,,,,,,,,,,,,,,,,,,,,,,,,,,,,,,
,,,,,,,,,,,,,,,,,,,,,,,,,,,,,,,,,,,,
,,,,,,,5,1.827182422,,,,,,,,,,,,,,,,,,,,,,,,,,,,
,,,,,,,10,1.861910103,,,,,,,,,,,,,,,,,,,,,,,,,,,,
,,,,,,,,0.006945536,,,,,,,,,,,,,,,,,,,,,,,,,,,,
